idx	label	en	ru	zh	es	ar	hi	id	te	sw	eu
0	2	2	2	2	2	2	2	2	2	2	2
1	1	1	2	1	1	2	2	1	1	2	1
2	2	1	2	2	2	2	2	2	2	1	2
3	2	2	2	2	2	2	2	2	2	2	2
4	1	1	1	1	1	1	1	1	1	2	1
5	1	2	2	1	2	2	2	2	1	2	1
6	2	2	1	1	1	2	1	2	1	1	1
7	2	1	1	1	1	1	1	1	1	1	1
8	2	1	1	1	1	1	1	1	1	1	1
9	2	1	1	1	1	2	1	2	1	1	1
10	2	2	2	2	2	2	1	1	1	1	2
11	1	2	2	1	2	2	2	1	1	2	2
12	1	1	2	2	2	2	2	2	1	2	1
13	1	2	2	2	2	2	2	2	2	2	2
14	2	2	1	2	2	2	2	1	2	2	2
15	2	2	1	2	2	2	2	2	1	2	1
16	1	2	2	2	2	2	2	2	1	1	2
17	1	2	1	2	2	2	2	2	2	1	2
18	2	2	2	2	2	2	2	2	2	2	2
19	2	2	2	1	1	2	1	1	2	2	1
20	1	1	1	1	1	1	1	1	1	1	1
21	1	2	2	2	2	2	2	2	2	2	2
22	1	1	1	1	1	1	1	1	1	2	2
23	1	1	2	1	1	1	2	2	1	1	1
24	1	2	2	2	2	2	2	2	1	2	2
25	1	2	2	2	2	2	2	2	2	2	2
26	1	1	1	1	1	1	1	1	1	1	1
27	2	1	2	1	2	2	1	2	1	2	2
28	2	2	2	2	2	2	2	2	1	2	2
29	2	2	1	1	2	2	1	1	2	2	1
30	1	2	2	2	2	2	2	1	2	1	1
31	1	1	1	1	1	1	1	1	1	1	2
32	2	2	2	2	2	2	2	2	2	2	2
33	2	1	1	1	1	1	1	1	2	1	1
34	2	1	1	2	2	1	2	1	1	2	2
35	2	1	1	1	1	1	1	1	1	2	1
36	1	1	2	1	1	2	1	1	1	1	2
37	1	2	1	2	1	1	2	2	2	2	1
38	2	1	1	1	2	1	1	1	2	1	1
39	1	1	1	1	1	1	1	1	1	1	1
40	1	1	1	1	1	1	1	1	2	1	1
41	1	2	2	1	2	2	2	2	2	1	2
42	2	1	1	1	1	1	1	1	1	2	1
43	2	1	1	1	1	1	2	1	1	2	1
44	1	1	2	2	2	2	2	1	2	2	2
45	1	1	1	1	1	1	1	1	1	1	1
46	1	1	1	1	1	1	2	1	1	1	1
47	1	2	2	2	1	2	1	2	1	2	2
48	1	1	1	1	1	1	2	1	1	1	1
49	2	2	2	1	2	2	2	1	2	2	2
50	1	1	2	2	2	2	1	1	2	2	2
51	2	1	1	1	1	1	1	1	1	1	1
52	2	1	1	1	1	1	2	1	2	1	1
53	1	1	1	1	1	1	1	1	2	2	1
54	1	1	2	1	1	1	1	1	1	1	1
55	2	2	2	2	2	2	2	2	2	2	2
56	2	1	1	2	1	2	1	1	2	1	2
57	2	1	2	1	1	1	2	1	2	1	1
58	2	2	2	1	2	2	1	2	2	2	1
59	1	2	2	2	1	2	2	1	1	1	1
60	1	1	1	1	1	1	1	1	1	1	1
61	1	1	1	1	1	2	1	1	1	2	2
62	1	1	1	1	1	2	1	1	1	1	1
63	1	2	1	2	2	2	2	2	2	2	2
64	2	2	2	2	2	2	2	2	2	2	2
65	2	1	1	1	1	2	1	1	1	1	1
66	1	2	2	2	2	2	1	2	2	2	2
67	2	2	2	2	2	2	2	2	2	2	2
68	1	1	2	1	2	2	1	2	1	2	1
69	2	2	1	2	2	2	2	2	2	2	1
70	2	1	1	1	1	1	1	1	1	1	1
71	2	1	1	1	1	2	1	1	1	1	1
72	1	1	2	1	1	2	1	2	2	2	2
73	1	1	1	1	1	1	1	1	1	2	2
74	1	2	2	2	2	2	2	2	1	1	2
75	1	1	1	2	2	2	2	1	1	1	2
76	2	2	2	2	2	2	2	2	2	2	2
77	1	1	2	1	2	1	2	2	1	2	2
78	2	2	2	1	2	2	2	2	1	2	2
79	2	1	1	1	1	1	1	1	1	1	1
80	2	1	1	1	1	2	1	2	1	1	1
81	1	1	2	2	2	2	2	2	1	2	1
82	2	1	1	1	1	1	2	1	1	1	2
83	1	1	1	1	1	2	1	1	1	1	1
84	1	1	1	1	1	1	1	1	1	1	1
85	1	2	2	1	2	2	1	1	1	1	2
86	2	2	1	2	1	1	1	2	1	2	2
87	2	1	1	1	1	1	1	1	1	1	1
88	1	1	1	1	1	2	2	1	1	2	1
89	1	1	2	1	1	1	2	1	2	1	1
90	1	1	1	1	1	1	1	1	1	1	1
91	1	2	1	2	2	2	1	2	1	1	1
92	2	2	2	2	2	2	2	2	1	2	2
93	2	1	1	1	1	1	1	1	1	1	1
94	1	1	1	1	1	1	1	1	1	1	1
95	2	2	1	2	2	1	1	2	2	2	1
96	2	1	1	2	1	1	1	2	1	2	1
97	1	2	2	2	2	2	2	2	2	2	2
98	1	1	1	1	1	1	1	1	1	1	1
99	2	2	1	1	2	2	2	2	2	1	1
100	2	2	1	2	2	2	2	2	1	2	2
101	1	1	1	1	1	1	1	1	1	1	1
102	1	1	1	1	1	1	1	1	1	1	1
103	2	2	1	2	2	2	2	1	1	1	1
104	2	1	2	1	1	1	1	1	1	1	1
105	1	1	1	1	1	1	1	1	1	1	1
106	1	2	2	2	2	2	2	2	2	2	2
107	1	2	1	2	2	2	2	2	2	2	1
108	1	2	2	2	2	2	2	2	2	2	2
109	2	1	1	1	2	1	1	1	1	1	1
110	1	2	2	2	2	2	2	2	2	2	2
111	1	2	1	2	2	2	2	2	2	1	1
112	1	1	2	2	1	1	1	1	1	2	1
113	2	1	1	1	1	1	1	1	1	1	1
114	1	1	1	1	1	1	1	1	1	1	1
115	2	2	2	2	2	1	1	2	2	1	2
116	1	1	2	2	1	1	1	2	2	2	2
117	1	1	1	1	1	1	1	1	1	1	1
118	1	1	2	1	2	1	1	2	2	2	1
119	1	2	2	1	2	2	2	2	2	2	2
120	1	1	2	1	2	1	1	2	1	2	2
121	1	2	1	1	1	1	2	2	2	2	2
122	2	1	1	2	2	2	1	1	2	1	1
123	1	1	1	1	1	1	1	1	1	1	1
124	1	1	1	1	1	1	2	1	1	2	1
125	2	1	1	2	1	2	1	2	1	2	2
126	1	1	1	1	1	1	1	1	1	2	1
127	1	1	2	1	1	2	1	1	1	2	2
128	2	2	2	2	2	1	2	2	2	2	2
129	2	2	2	2	2	1	2	2	2	1	2
130	1	1	2	1	1	1	2	1	1	1	1
131	2	2	2	2	2	1	1	2	1	2	2
132	1	2	2	2	1	2	2	2	1	2	1
133	2	2	2	2	1	2	2	2	2	2	2
134	2	2	2	2	2	2	2	2	2	2	2
135	2	1	1	1	1	1	1	1	1	1	1
136	1	2	1	2	2	2	1	2	2	2	1
137	2	2	2	2	2	2	1	2	1	2	1
138	1	2	2	1	1	1	1	1	1	1	1
139	2	2	2	2	2	2	1	2	1	2	2
140	2	2	1	2	2	2	2	1	1	2	2
141	2	1	2	2	2	2	1	1	1	1	2
142	1	2	2	2	2	2	2	2	2	2	2
143	1	2	2	2	2	2	2	2	2	2	2
144	2	2	2	2	2	1	1	2	2	2	2
145	2	2	1	2	2	2	2	2	1	2	1
146	1	2	2	2	2	1	2	2	2	2	2
147	2	2	2	2	2	2	2	1	2	1	2
148	2	2	1	2	2	2	2	2	2	1	1
149	1	1	1	1	1	1	1	1	1	1	1
150	1	1	1	1	1	1	1	1	1	1	1
151	2	2	2	2	2	2	2	2	2	2	2
152	2	1	1	1	1	1	1	1	1	1	1
153	1	2	2	2	2	1	2	2	2	1	1
154	2	1	1	1	1	1	1	1	1	1	1
155	2	2	2	2	2	2	2	2	2	2	2
156	1	1	2	2	1	2	1	1	2	1	1
157	1	2	1	2	2	2	1	2	1	1	1
158	2	1	2	1	1	2	2	2	2	1	1
159	2	1	1	1	1	1	1	1	1	1	2
160	1	1	1	1	1	1	1	1	1	1	1
161	2	2	1	2	1	1	2	1	1	2	1
162	2	1	1	1	1	1	1	1	1	1	1
163	2	2	1	2	2	1	2	2	2	2	1
164	1	2	2	2	2	1	2	1	2	2	2
165	2	1	1	2	2	2	2	1	2	2	2
166	1	1	1	1	1	1	2	1	1	1	1
167	1	2	2	2	2	2	2	2	1	2	2
168	1	2	2	2	2	2	2	1	2	2	2
169	1	1	1	1	1	1	1	1	1	1	1
170	1	1	1	1	1	1	1	1	1	1	1
171	2	2	2	2	1	2	2	1	1	1	2
172	2	1	2	1	2	2	1	1	1	1	2
173	2	1	2	1	1	1	2	1	1	1	1
174	1	1	2	2	2	1	1	1	1	2	2
175	1	1	1	1	1	1	1	2	1	1	2
176	2	2	2	2	2	2	2	2	2	2	2
177	2	1	2	1	1	1	1	1	1	1	1
178	1	1	1	1	1	1	1	1	1	1	2
179	1	1	1	1	1	1	1	1	1	1	1
180	1	2	2	2	1	2	2	2	2	1	2
181	1	1	1	1	1	1	1	1	1	1	1
182	1	1	1	2	2	2	2	1	1	1	1
183	2	1	2	2	1	1	1	1	2	1	2
184	2	2	2	1	2	2	2	2	2	2	2
185	2	2	2	2	2	2	2	1	2	2	2
186	2	1	1	2	1	1	1	1	1	1	1
187	2	1	1	1	1	1	1	1	1	1	1
188	1	1	2	1	2	1	2	2	1	1	2
189	2	2	2	2	2	2	2	1	2	2	2
190	2	2	2	2	2	2	2	2	2	2	2
191	1	2	1	2	1	1	1	1	2	1	1
192	1	1	2	1	2	1	1	1	1	1	1
193	1	2	1	1	2	1	2	2	1	2	2
194	1	1	1	1	1	1	1	1	1	1	1
195	2	2	1	2	1	1	1	1	1	1	1
196	1	1	1	1	1	1	1	1	1	1	1
197	2	1	1	2	2	1	1	2	1	1	1
198	1	1	2	1	2	2	1	1	1	1	2
199	1	1	2	2	2	1	2	1	1	2	2
200	1	2	1	1	1	1	1	1	1	1	2
201	1	2	2	2	2	1	1	2	1	2	1
202	1	1	1	1	1	2	1	1	1	1	1
203	2	1	1	1	1	1	1	1	1	1	1
204	1	2	2	1	1	2	1	1	2	2	2
205	2	1	1	1	1	1	1	1	2	1	1
206	1	2	2	2	2	2	2	2	2	2	1
207	2	2	2	2	2	2	2	2	2	2	2
208	1	1	1	1	1	2	2	1	2	2	1
209	1	1	1	2	1	1	1	2	1	1	2
210	2	2	2	2	2	2	2	2	2	1	1
211	2	2	2	2	2	2	2	2	2	2	2
212	1	2	1	2	1	1	2	1	2	1	1
213	2	1	1	1	1	1	1	1	1	1	2
214	1	2	2	2	2	2	2	2	2	2	2
215	1	1	1	1	2	2	2	1	1	1	1
216	1	2	2	2	2	2	2	2	1	2	1
217	1	2	1	2	2	2	2	2	2	2	1
218	2	1	2	2	1	2	2	2	1	2	2
219	2	1	2	1	1	1	2	1	1	1	1
220	1	1	1	1	1	2	1	1	1	1	1
221	1	2	1	2	2	2	1	1	2	2	2
222	2	2	1	2	2	2	2	2	2	1	2
223	1	2	2	2	1	2	2	2	1	2	2
224	1	1	1	1	1	1	1	1	1	2	2
225	1	1	1	1	1	1	1	1	1	1	1
226	1	1	1	1	1	1	1	1	1	1	1
227	2	2	2	2	2	2	2	2	2	2	2
228	1	1	2	1	1	1	2	2	1	2	1
229	1	1	1	1	1	2	2	1	1	1	1
230	2	1	2	1	1	1	2	1	2	2	1
231	2	1	2	2	1	1	1	1	2	1	2
232	1	2	2	2	2	2	2	2	1	2	2
233	1	2	2	2	2	2	2	2	2	2	2
234	1	1	2	1	1	2	2	2	1	1	1
235	2	2	1	2	2	2	2	2	2	2	2
236	1	2	2	2	2	2	2	2	2	2	2
237	2	2	2	2	2	2	2	2	1	2	2
238	1	1	1	1	1	1	2	1	1	1	1
239	1	1	1	1	1	1	1	1	1	1	1
240	1	1	2	1	1	1	1	1	1	1	1
241	1	1	1	2	1	2	2	1	2	2	1
242	1	1	1	1	2	1	2	1	1	2	2
243	2	2	2	2	2	2	2	2	1	2	2
244	1	1	1	1	2	1	1	1	1	1	1
245	1	1	1	1	1	2	1	1	2	1	1
246	2	2	1	1	2	1	2	2	1	1	1
247	2	2	2	2	2	1	2	1	2	2	2
248	2	2	1	2	2	2	2	2	2	2	2
249	1	2	2	2	1	2	1	2	2	2	2
250	2	2	2	2	2	2	2	2	2	2	2
251	1	1	1	1	1	1	1	1	1	1	1
252	2	1	1	1	1	1	1	1	1	1	1
253	1	1	1	2	1	1	1	1	2	1	1
254	2	2	1	2	1	2	2	2	2	2	2
255	2	2	2	2	2	2	2	2	2	2	2
256	2	1	2	1	1	1	1	1	2	1	1
257	1	2	2	2	1	2	1	2	2	1	2
258	2	2	2	2	2	2	2	2	1	1	2
259	2	1	2	2	2	2	2	2	2	1	2
260	1	1	1	1	1	1	1	1	1	1	1
261	2	2	2	2	2	2	2	2	2	2	2
262	2	1	1	1	1	1	1	1	1	1	1
263	1	2	2	2	2	2	2	2	2	2	2
264	2	2	1	1	1	1	1	2	1	1	1
265	2	1	1	1	1	1	1	1	2	2	1
266	2	1	2	2	1	2	2	1	2	1	1
267	2	1	1	1	1	1	1	1	1	1	2
268	2	1	1	1	1	1	1	1	1	1	1
269	2	1	2	1	1	1	2	1	2	2	2
270	2	2	2	2	2	2	1	2	1	2	1
271	1	1	1	1	1	1	1	1	1	1	2
272	1	2	2	2	2	2	1	1	2	2	1
273	2	1	1	1	1	1	1	1	1	1	1
274	2	1	1	1	1	1	1	1	2	1	2
275	1	1	1	1	1	1	1	1	1	1	1
276	1	1	1	1	1	1	1	1	1	1	1
277	2	2	2	2	2	1	1	1	1	1	2
278	2	2	1	2	2	2	1	2	1	1	2
279	1	1	1	2	2	1	1	2	1	1	1
280	1	1	1	1	1	1	1	1	1	1	1
281	1	2	2	2	2	1	2	2	2	2	1
282	2	1	1	1	1	1	2	1	2	2	2
283	1	1	2	1	1	1	1	2	1	1	1
284	1	1	1	1	1	1	1	1	1	1	2
285	1	1	2	2	2	2	2	2	2	2	2
286	1	1	1	1	1	1	1	1	1	2	2
287	2	1	1	1	1	1	1	1	1	1	1
288	1	1	1	1	1	1	2	1	2	1	2
289	2	1	1	1	1	1	1	1	1	1	1
290	2	2	1	2	2	1	2	1	1	2	1
291	1	2	2	2	2	2	2	2	2	2	2
292	2	2	2	2	2	2	1	2	2	2	2
293	1	2	1	1	2	1	2	2	1	2	1
294	1	2	2	2	2	2	1	1	1	1	2
295	1	2	1	2	1	2	1	2	1	2	1
296	1	1	1	1	1	1	1	1	1	1	1
297	1	1	1	2	1	1	2	1	1	1	1
298	2	2	1	1	2	1	2	1	2	2	1
299	1	1	2	2	2	2	2	1	2	1	1
300	2	1	2	1	1	2	1	2	1	1	1
301	2	2	2	1	1	2	1	1	2	1	2
302	2	1	1	2	1	2	1	1	1	1	1
303	1	2	2	2	2	2	2	2	2	2	2
304	1	2	2	2	2	2	2	2	2	2	2
305	2	1	1	1	1	1	1	1	1	1	1
306	1	1	2	1	1	1	2	2	1	2	2
307	1	2	1	2	2	1	2	2	1	2	2
308	2	1	2	1	2	1	2	2	1	2	1
309	2	2	2	2	2	2	2	2	2	2	2
310	2	2	2	1	1	1	2	1	1	2	1
311	1	1	2	1	2	1	1	1	2	2	1
312	2	2	2	2	2	2	2	2	1	1	2
313	2	2	2	2	2	2	2	2	1	2	2
314	2	1	1	1	1	1	1	1	1	1	1
315	1	1	1	1	1	1	1	1	1	1	1
316	2	2	1	2	2	1	2	2	2	1	2
317	2	1	1	1	2	1	2	1	1	1	1
318	2	1	1	1	1	1	1	1	1	1	1
319	2	2	1	1	2	1	1	1	1	1	1
320	1	1	1	2	1	1	1	1	1	2	1
321	1	1	2	1	2	1	1	2	1	1	1
322	2	2	1	2	1	1	1	1	2	1	1
323	1	2	2	2	2	2	2	2	2	2	2
324	1	1	1	1	1	1	1	1	1	1	1
325	2	2	2	2	2	1	1	1	2	1	2
326	2	2	1	2	2	1	2	2	2	2	1
327	2	2	2	2	1	1	2	1	1	2	1
328	2	2	1	2	2	1	2	1	2	2	1
329	1	1	1	1	2	2	2	1	1	2	1
330	1	1	1	1	1	1	1	1	1	1	1
331	1	1	1	2	1	1	1	1	1	1	2
332	1	1	1	1	1	2	2	1	2	1	2
333	1	1	1	1	1	1	1	1	1	1	1
334	1	1	1	1	1	2	1	2	2	1	1
335	2	1	1	1	1	1	1	1	1	1	1
336	2	2	2	2	2	2	2	2	2	2	2
337	2	2	2	1	2	2	1	2	2	2	1
338	2	1	1	1	2	2	1	1	2	1	1
339	1	2	2	2	2	2	2	2	2	2	2
340	2	2	2	2	2	2	2	2	2	2	2
341	1	1	1	1	1	1	1	1	1	1	1
342	1	1	1	1	1	1	1	2	1	1	1
343	2	1	2	1	2	1	2	1	2	1	2
344	1	2	2	2	2	2	2	2	2	2	2
345	2	1	1	1	1	1	2	1	1	1	1
346	1	1	2	2	1	2	1	1	1	2	2
347	1	1	1	1	1	1	1	1	1	1	1
348	2	2	2	1	2	1	1	1	2	2	1
349	1	1	1	1	1	1	1	1	1	1	1
350	2	2	1	1	2	2	2	2	1	1	2
351	1	1	2	2	1	1	2	1	1	1	2
352	1	1	1	1	1	1	1	2	1	1	2
353	2	2	2	2	2	2	2	1	2	2	2
354	1	1	1	1	1	1	1	1	1	1	1
355	1	2	1	1	1	1	1	1	1	1	1
356	2	1	2	1	2	1	1	1	1	1	1
357	2	2	1	2	2	1	2	2	1	2	2
358	1	2	2	2	2	2	2	2	2	2	2
359	1	2	2	1	1	2	2	2	2	2	2
360	2	1	1	1	1	1	1	1	1	1	1
361	2	2	1	2	2	2	2	2	2	2	2
362	1	1	1	1	1	1	1	1	1	1	1
363	2	2	1	2	2	2	2	2	1	1	1
364	2	1	1	1	1	1	1	1	1	1	2
365	1	1	1	1	1	1	1	1	1	1	1
366	1	2	2	2	2	2	1	1	1	1	1
367	2	2	2	2	2	2	2	2	2	2	1
368	2	2	1	1	2	1	2	1	1	1	2
369	2	1	1	2	2	1	2	1	1	1	2
370	2	2	2	2	2	2	2	2	2	2	2
371	1	2	2	2	2	1	1	2	2	1	2
372	2	2	2	2	2	1	2	2	1	2	1
373	2	2	2	2	2	2	2	2	2	2	2
374	1	1	2	2	1	1	2	1	1	1	1
375	2	2	1	2	2	1	2	2	2	2	2
376	2	1	2	1	2	1	1	2	2	1	2
377	2	2	2	2	1	1	2	2	2	2	1
378	1	1	1	1	1	1	1	1	1	1	1
379	1	2	1	1	2	2	2	1	1	2	1
380	2	2	2	2	2	2	1	1	2	1	2
381	1	1	1	1	1	2	2	2	1	1	1
382	2	2	2	2	2	2	2	2	1	1	2
383	1	1	2	1	1	1	1	1	1	1	1
384	1	2	2	1	1	2	1	2	1	1	1
385	2	2	1	1	1	2	2	2	2	1	1
386	2	2	2	2	2	2	2	2	2	2	2
387	1	1	1	1	2	1	1	1	2	1	1
388	1	2	1	2	2	2	2	2	2	1	1
389	1	2	2	2	2	2	2	2	2	2	2
390	1	2	2	2	2	2	1	2	2	1	1
391	1	1	1	1	1	1	1	2	2	2	2
392	2	2	2	2	2	2	2	2	2	2	2
393	2	2	1	1	1	1	1	1	1	1	1
394	1	1	1	1	1	1	1	2	1	2	1
395	1	1	2	2	2	2	2	2	2	2	1
396	1	2	1	1	2	1	1	2	2	2	2
397	1	1	1	2	1	1	1	1	1	1	1
398	1	1	1	1	1	1	1	1	1	1	1
399	2	2	1	2	2	1	2	2	1	1	2
400	1	2	2	1	2	2	2	2	2	2	2
401	1	2	2	1	2	2	2	2	2	2	2
402	1	1	1	1	1	1	2	1	1	1	1
403	2	2	2	2	2	2	2	2	2	2	2
404	2	1	2	2	2	2	2	2	2	2	2
405	2	2	2	2	2	2	2	2	2	2	2
406	2	1	1	1	1	1	1	2	1	1	1
407	2	1	1	1	1	1	1	1	1	1	1
408	1	1	1	2	1	2	1	1	1	1	1
409	1	1	1	1	1	2	1	1	1	1	1
410	1	1	1	1	1	1	1	1	1	1	1
411	2	1	1	1	1	1	1	1	1	1	1
412	2	1	1	1	1	1	1	1	1	1	1
413	1	1	1	1	1	1	2	1	2	2	1
414	1	2	2	2	1	2	2	2	1	2	1
415	1	1	2	1	1	2	2	2	1	2	2
416	1	1	1	1	1	1	1	1	1	1	1
417	2	1	1	1	1	1	2	1	1	1	1
418	2	1	2	1	1	1	1	2	1	1	2
419	1	1	1	1	1	1	1	1	1	1	1
420	1	1	1	1	1	1	1	1	1	1	1
421	1	2	2	1	2	2	1	1	1	2	1
422	2	1	2	1	1	1	1	1	1	1	2
423	2	1	2	1	1	1	2	1	2	2	1
424	1	1	1	1	1	1	1	1	1	1	1
425	2	2	1	1	1	1	1	2	2	2	2
426	2	2	1	2	2	1	2	2	2	2	2
427	1	2	2	2	2	2	2	2	2	2	2
428	1	1	1	1	1	2	2	2	2	1	1
429	2	2	1	1	1	2	2	1	2	1	2
430	2	2	1	1	2	1	1	1	2	1	2
431	1	2	2	2	2	1	2	2	2	2	1
432	2	2	2	2	2	2	2	2	2	2	2
433	2	1	1	1	1	1	1	1	2	1	1
434	1	2	2	1	2	2	1	1	1	1	1
435	1	1	1	1	1	1	1	1	1	1	1
436	2	2	1	2	2	1	2	2	1	1	2
437	2	2	2	2	2	2	2	2	2	1	1
438	1	2	2	2	2	2	2	2	2	2	2
439	1	1	2	1	1	1	2	1	2	1	1
440	2	1	2	2	2	1	2	2	2	1	1
441	1	2	2	2	2	2	2	2	1	2	2
442	2	2	2	2	2	2	1	1	1	2	1
443	1	1	1	1	1	1	1	1	1	2	1
444	2	2	2	2	2	2	2	2	1	2	2
445	2	1	1	1	1	1	1	1	1	1	1
446	2	1	1	1	1	1	1	1	1	1	1
447	2	1	2	1	1	2	2	1	2	2	1
448	1	1	1	1	1	1	1	1	1	1	1
449	1	2	1	1	1	2	2	1	2	1	2
450	2	2	1	2	2	2	2	2	2	2	2
451	2	2	2	1	1	2	2	1	2	2	2
452	2	2	2	2	2	2	2	2	2	2	2
453	2	2	1	2	1	1	2	1	2	2	1
454	2	2	2	2	2	2	2	2	1	2	2
455	1	1	1	2	2	1	1	1	1	1	2
456	2	1	1	1	1	1	1	1	2	2	1
457	2	2	2	2	2	2	1	2	2	2	1
458	1	2	2	2	2	2	1	2	1	1	2
459	1	2	2	2	2	2	2	2	2	2	2
460	1	1	1	1	1	1	1	1	1	1	1
461	1	1	1	2	1	1	1	1	1	2	1
462	2	1	1	2	1	1	2	1	1	1	2
463	1	2	2	2	2	2	2	2	1	2	2
464	2	1	1	1	2	1	1	1	1	2	2
465	1	1	1	1	2	1	1	1	2	1	1
466	1	2	1	1	1	1	1	1	1	1	1
467	2	2	2	2	2	2	2	2	2	2	2
468	2	1	1	2	1	1	1	1	1	1	2
469	1	2	2	2	2	1	1	2	1	1	1
470	2	1	1	1	1	1	1	1	1	1	1
471	2	1	1	1	1	1	1	1	2	1	1
472	1	1	2	1	1	1	1	1	1	2	1
473	1	1	1	1	1	1	1	1	1	1	1
474	1	2	2	1	2	2	2	2	1	2	2
475	2	1	1	1	1	1	1	1	2	1	1
476	1	2	2	2	1	1	1	1	1	2	2
477	2	1	1	1	1	1	1	1	2	1	1
478	2	1	1	1	1	1	1	1	1	1	2
479	2	2	1	1	2	1	1	2	2	2	2
480	2	1	1	1	2	1	1	1	2	1	2
481	2	2	2	2	2	2	2	2	2	2	2
482	2	1	1	1	1	1	1	1	1	1	1
483	1	1	1	1	1	1	1	2	1	1	1
484	2	2	2	2	2	1	2	2	2	2	2
485	1	2	2	2	2	2	2	2	1	2	2
486	2	1	1	1	1	1	1	1	1	1	1
487	2	2	2	2	2	2	1	2	2	2	2
488	2	2	2	1	2	2	2	2	2	1	2
489	1	1	1	1	1	1	2	2	1	2	1
490	2	2	2	2	2	2	2	2	1	2	2
491	1	1	2	2	2	1	1	1	1	1	2
492	1	2	2	2	2	2	2	2	1	2	2
493	2	1	1	2	2	1	2	2	2	2	1
494	2	1	2	1	1	2	2	1	2	1	1
495	1	2	2	2	2	2	2	2	2	2	2
496	1	1	1	1	1	1	1	1	1	1	1
497	1	2	2	2	2	2	2	2	2	1	2
498	2	1	1	2	1	1	1	2	1	2	1
499	2	1	1	1	1	1	1	1	1	1	1
500	1	2	1	2	1	2	2	2	1	1	2
501	2	1	1	1	1	1	1	1	2	1	1
502	2	1	1	1	1	1	2	1	1	1	1
503	2	2	1	2	2	2	1	2	2	2	2
504	1	2	2	2	2	1	2	2	1	2	2
505	2	2	1	2	2	1	1	2	2	1	1
506	1	1	2	2	2	2	2	2	2	2	2
507	1	1	1	1	1	1	1	1	2	1	1
508	1	1	1	1	1	1	1	1	1	1	1
509	1	2	2	2	2	2	1	1	2	2	2
510	2	2	2	1	2	2	1	1	1	2	2
511	1	2	2	2	2	2	1	2	2	1	2
512	1	2	1	2	1	2	1	2	1	2	1
513	1	1	1	1	1	1	1	1	1	1	1
514	1	2	2	2	2	2	1	1	1	2	2
515	1	2	2	2	2	1	2	2	2	2	2
516	1	1	2	1	1	1	1	2	1	1	1
517	1	1	1	2	2	1	2	1	2	1	2
518	1	1	2	2	2	2	1	1	1	2	1
519	1	1	1	1	1	1	1	1	2	2	1
520	2	2	2	2	2	2	1	2	2	1	2
521	2	2	1	2	1	1	1	1	2	1	2
522	2	2	1	1	1	1	2	1	2	1	2
523	1	1	2	1	1	1	1	1	1	1	1
524	2	2	2	2	2	2	2	2	2	2	2
525	2	2	2	2	2	2	2	1	2	1	2
526	2	2	2	1	1	1	1	1	1	2	2
527	1	1	1	1	1	1	1	1	1	1	1
528	1	2	2	2	2	2	2	2	2	2	2
529	2	1	1	1	1	2	1	1	1	2	1
530	2	1	1	1	1	1	1	1	1	1	1
531	1	2	1	2	1	2	2	2	1	2	1
532	1	1	1	1	1	1	2	1	2	1	1
533	1	1	1	1	1	2	1	1	1	1	1
534	2	2	2	2	1	2	2	2	1	2	2
535	1	2	1	2	2	2	1	1	1	1	1
536	1	2	1	2	1	1	2	2	2	1	2
537	2	2	1	2	2	1	2	1	1	1	2
538	2	2	2	2	2	2	2	2	1	2	2
539	1	2	1	2	2	2	2	2	1	2	2
540	2	2	1	2	2	2	2	2	2	2	2
541	1	1	1	1	1	1	1	1	1	1	1
542	2	2	2	2	2	2	2	2	2	2	2
543	2	1	1	1	1	2	2	1	2	1	1
544	1	2	1	2	1	1	1	1	1	2	1
545	1	1	2	1	1	1	1	1	1	1	2
546	1	1	1	1	1	2	1	1	2	1	1
547	1	2	2	2	2	2	2	2	1	2	2
548	2	2	2	2	2	2	2	2	2	2	2
549	1	1	1	1	1	1	1	1	1	1	1
550	2	2	2	2	2	2	2	2	1	2	2
551	1	1	2	2	2	2	1	1	2	2	2
552	1	1	2	2	2	2	2	2	2	2	1
553	1	1	1	1	2	1	2	2	1	1	1
554	1	1	2	1	1	1	1	1	1	1	1
555	1	1	1	1	2	1	2	1	1	2	1
556	2	2	2	2	2	2	1	2	1	1	2
557	1	1	2	1	1	1	1	1	1	1	1
558	1	1	1	2	2	2	1	2	1	2	2
559	2	1	1	1	1	1	1	1	1	1	1
560	2	1	1	1	1	1	1	1	1	1	1
561	2	1	1	1	1	1	1	1	1	1	1
562	2	1	2	1	1	2	2	2	1	2	2
563	2	1	1	2	1	1	1	1	1	1	1
564	2	2	2	2	2	2	2	2	2	2	2
565	1	2	2	2	2	2	2	2	2	2	1
566	1	1	2	1	1	1	1	1	2	1	1
567	2	2	2	2	2	2	2	2	2	1	1
568	1	2	2	2	2	2	2	2	2	2	2
569	1	1	1	2	1	1	1	1	1	1	1
570	1	1	1	1	1	1	1	1	2	1	1
571	1	1	1	2	1	2	2	1	2	2	2
572	2	1	1	1	1	2	2	1	1	2	1
573	2	1	1	1	1	1	1	1	1	1	2
574	1	1	1	1	1	1	2	1	2	1	1
575	1	2	1	2	2	2	1	2	1	1	1
576	1	1	2	1	2	1	1	1	2	1	2
577	2	2	2	2	2	2	2	2	2	2	2
578	1	2	2	2	2	2	2	2	1	2	2
579	1	2	2	2	2	2	2	1	2	1	1
580	1	1	1	1	1	1	1	1	1	1	1
581	2	2	2	2	2	2	1	1	1	1	2
582	2	2	2	2	2	2	2	2	2	2	2
583	1	1	1	1	1	2	2	1	1	1	2
584	2	1	1	1	1	1	1	1	1	1	1
585	1	1	1	2	1	1	1	1	1	1	1
586	2	2	2	2	2	2	2	2	2	1	1
587	1	1	1	2	1	2	1	1	2	1	1
588	1	2	1	2	1	2	1	2	2	1	2
589	2	2	1	1	1	1	2	2	1	1	2
590	1	1	1	1	2	1	1	1	1	1	2
591	2	2	2	2	2	2	2	1	2	2	2
592	2	1	1	1	1	1	1	1	1	1	1
593	1	2	2	2	2	2	2	1	1	2	2
594	2	2	1	1	2	2	2	2	2	2	1
595	2	1	2	1	1	1	1	1	1	2	1
596	1	2	2	1	1	1	2	1	1	1	1
597	2	2	2	1	2	2	2	2	2	2	2
598	1	1	1	1	1	1	1	1	1	1	1
599	2	2	2	2	2	2	2	2	2	1	2
600	1	1	2	1	1	1	1	1	1	1	1
601	1	1	1	1	1	2	1	1	1	1	2
602	2	1	2	1	2	1	2	1	2	2	2
603	1	2	2	2	2	2	2	2	2	2	2
604	1	1	1	2	1	1	2	2	2	2	1
605	2	2	2	2	2	2	2	2	1	1	2
606	1	1	2	1	2	2	2	2	1	2	2
607	1	2	2	1	1	2	2	1	2	2	2
608	1	2	2	2	2	2	2	2	2	2	2
609	1	2	2	2	2	2	1	2	2	2	2
610	1	1	1	1	1	1	2	2	2	1	1
611	2	1	2	2	1	1	1	1	1	2	2
612	1	1	1	1	1	1	1	1	1	1	1
613	1	1	2	2	1	2	1	1	1	2	1
614	2	2	2	1	2	2	2	2	2	2	2
615	2	1	1	2	2	1	1	1	1	2	1
616	2	2	1	2	2	2	1	2	1	1	2
617	2	1	1	1	1	1	1	1	1	1	2
618	1	1	2	1	1	2	2	2	2	2	2
619	1	1	1	2	2	2	1	1	2	2	1
620	1	1	2	1	2	1	1	1	1	2	2
621	1	1	1	1	2	2	2	2	1	1	2
622	2	2	1	1	1	1	1	1	2	2	1
623	1	1	2	1	1	1	1	2	1	2	1
624	2	1	2	1	1	1	1	1	1	1	1
625	1	2	2	1	1	2	2	1	1	2	1
626	1	1	1	1	1	1	1	1	1	2	1
627	1	2	2	1	2	2	2	2	2	1	2
628	1	2	1	1	1	1	2	1	1	1	1
629	2	1	1	1	1	1	1	1	1	1	1
630	1	1	1	1	1	2	1	1	1	1	2
631	1	1	1	2	1	2	1	1	1	1	1
632	1	1	1	1	2	1	1	2	1	2	1
633	2	2	2	1	2	2	2	1	2	2	2
634	1	1	2	1	1	1	1	1	1	2	1
635	2	2	2	2	2	2	1	2	1	2	2
636	1	1	1	1	1	1	2	1	1	1	1
637	1	1	2	2	2	2	1	1	1	2	2
638	2	2	1	2	2	1	1	2	1	1	2
639	1	1	1	1	1	2	1	1	1	1	1
640	1	1	1	1	1	1	1	2	2	2	1
641	1	1	1	1	1	1	1	1	1	1	1
642	1	1	1	1	1	1	1	1	1	1	1
643	1	1	2	2	2	2	1	2	1	2	1
644	2	1	1	1	1	1	1	2	2	1	1
645	2	2	2	2	2	1	2	2	2	1	2
646	1	2	2	2	2	2	2	2	2	2	2
647	1	2	2	2	2	2	1	2	2	2	2
648	1	2	2	1	2	2	2	1	2	2	1
649	1	2	1	1	2	2	2	2	1	1	2
650	1	1	1	2	2	1	1	1	1	2	1
651	2	2	2	2	2	2	2	2	2	2	2
652	1	2	2	2	2	2	2	2	2	2	2
653	1	1	2	1	1	2	2	1	1	1	1
654	2	2	2	2	2	2	2	2	2	2	2
655	1	2	2	2	2	2	2	2	2	2	2
656	1	1	2	2	2	2	2	1	2	2	1
657	2	2	2	2	2	2	2	2	2	2	2
658	2	1	1	1	1	1	1	1	1	1	1
659	2	1	1	1	1	1	1	1	1	1	1
660	1	1	1	1	1	1	2	1	1	1	1
661	1	1	1	1	1	1	1	1	1	1	1
662	1	1	2	1	1	2	1	2	1	1	1
663	1	1	1	1	1	1	1	1	1	1	1
664	1	1	1	1	1	1	1	1	1	1	1
665	2	2	1	1	1	1	2	1	1	2	2
666	1	2	2	2	2	2	2	2	2	2	2
667	2	1	1	1	1	1	1	1	2	1	1
668	2	1	1	1	1	1	1	1	1	1	2
669	2	2	2	2	1	2	2	2	2	1	1
670	2	2	2	2	2	2	2	2	2	2	2
671	2	2	1	1	1	1	2	1	1	2	1
672	1	1	1	2	2	1	1	1	1	1	2
673	1	1	1	2	2	1	1	2	1	1	1
674	2	2	1	2	1	2	2	2	2	1	2
675	2	2	2	2	1	2	1	1	2	2	2
676	2	2	1	2	2	2	2	2	1	2	2
677	2	1	1	1	1	1	1	1	1	1	1
678	2	1	1	1	2	1	2	1	2	1	2
679	1	2	2	2	2	2	2	2	2	2	1
680	2	1	1	1	1	1	1	1	1	2	2
681	1	1	1	1	1	1	2	1	1	1	1
682	2	1	1	1	1	1	1	1	1	2	1
683	2	2	1	2	2	2	1	2	2	1	1
684	2	2	1	2	1	1	1	2	1	1	1
685	1	1	1	1	1	1	1	1	1	1	1
686	1	1	1	1	2	1	1	2	1	1	2
687	1	1	1	2	1	1	1	2	1	1	1
688	1	1	2	1	1	1	1	1	2	1	1
689	2	2	1	1	2	2	1	1	1	1	1
690	1	2	2	2	2	2	2	2	2	2	2
691	1	2	2	2	2	2	2	2	1	2	2
692	1	2	2	1	2	1	2	2	1	2	2
693	1	2	2	2	2	2	2	2	2	1	2
694	1	1	1	1	1	1	1	1	1	1	1
695	1	1	1	1	1	1	1	1	1	1	1
696	2	1	1	1	1	1	1	1	1	1	1
697	2	2	1	1	2	1	2	2	1	1	1
698	1	1	1	1	1	2	2	2	1	1	1
699	2	2	2	2	2	2	2	2	2	2	2
700	1	2	2	2	2	2	2	2	2	2	2
701	2	2	2	2	2	2	1	1	2	2	2
702	2	2	1	1	2	2	2	2	2	1	2
703	1	1	2	1	1	1	1	1	2	2	2
704	2	1	1	1	1	1	1	1	1	1	2
705	1	1	1	1	1	1	1	1	1	1	1
706	2	1	1	1	1	1	1	1	1	1	1
707	1	2	2	2	2	2	2	2	2	2	2
708	1	1	1	1	1	1	1	1	2	2	2
709	1	2	2	2	2	2	2	2	1	2	2
710	1	1	1	1	1	1	1	1	1	1	1
711	1	2	1	1	1	2	2	2	1	1	1
712	1	1	2	2	2	1	2	2	1	2	2
713	1	2	2	2	2	2	2	2	2	2	2
714	1	1	2	1	1	2	1	1	2	2	2
715	1	1	1	1	1	1	1	2	1	1	1
716	2	2	1	1	1	2	1	1	1	1	1
717	1	1	2	1	2	2	1	2	1	2	1
718	2	1	1	1	1	1	1	1	2	1	1
719	1	1	1	1	1	1	1	2	1	1	2
720	2	2	1	1	1	1	1	1	2	1	2
721	1	1	1	1	1	1	1	1	1	1	1
722	1	2	2	2	2	2	2	2	2	2	1
723	2	2	2	2	2	2	2	2	2	2	1
724	2	1	1	1	2	2	1	2	2	2	1
725	2	1	1	1	1	1	1	1	1	1	1
726	1	2	2	1	1	2	2	2	2	1	1
727	2	1	1	1	1	1	1	1	1	1	1
728	1	2	2	2	2	2	2	2	2	2	2
729	2	1	1	1	1	1	2	2	1	1	1
730	1	2	2	2	2	2	2	2	1	2	1
731	1	2	2	2	1	2	2	2	2	1	1
732	1	2	1	2	2	1	1	2	2	2	1
733	2	2	1	1	1	1	2	1	1	1	2
734	1	2	2	2	2	1	2	2	1	1	2
735	2	1	1	1	1	1	1	1	1	1	1
736	1	2	2	2	2	2	2	1	1	2	1
737	1	1	1	1	1	1	1	1	1	1	2
738	2	2	2	2	2	2	2	2	2	1	1
739	2	1	2	2	1	1	1	2	1	2	1
740	1	1	1	1	1	1	1	1	1	1	1
741	1	1	1	1	1	1	1	1	1	1	1
742	2	2	1	1	1	1	1	1	1	2	1
743	1	1	1	1	1	1	1	2	1	1	1
744	1	2	1	2	1	1	1	1	1	1	1
745	1	1	2	2	1	1	1	1	1	2	1
746	2	1	1	1	1	1	2	1	2	2	1
747	2	1	1	2	1	1	2	1	2	1	1
748	1	1	1	1	2	1	2	2	1	1	1
749	2	1	2	1	1	1	2	2	2	2	2
750	2	1	1	1	1	1	1	1	1	1	1
751	2	2	2	1	2	2	2	1	1	2	2
752	2	1	1	1	1	1	1	1	1	1	2
753	2	2	1	2	2	1	2	2	2	1	1
754	1	2	1	1	1	1	1	1	2	1	1
755	2	1	1	1	1	1	1	1	1	1	1
756	1	2	2	1	2	1	2	2	2	1	2
757	1	2	2	2	2	1	1	2	2	2	2
758	1	1	2	1	1	1	1	1	1	1	1
759	1	1	2	2	2	1	2	2	2	2	2
760	2	1	1	1	1	2	1	1	2	2	2
761	2	2	1	1	1	1	1	1	1	1	1
762	2	1	1	1	1	1	1	1	1	1	1
763	2	2	2	2	2	2	2	2	1	2	1
764	2	2	2	2	2	2	2	2	2	2	2
765	1	2	1	1	2	2	2	2	1	1	2
766	2	1	1	1	1	1	1	1	1	1	1
767	1	1	1	1	1	1	2	1	1	1	1
768	1	1	1	1	1	1	1	1	1	1	2
769	2	1	2	1	2	1	1	1	1	2	1
770	2	2	2	2	2	2	2	2	2	1	2
771	1	1	2	1	1	2	2	2	1	2	2
772	1	2	2	2	2	2	2	2	2	2	2
773	1	1	2	1	1	1	1	1	2	1	1
774	1	2	2	2	2	2	2	2	2	2	2
775	1	2	2	1	2	2	2	2	1	2	2
776	1	1	2	2	2	1	1	1	2	2	2
777	1	1	1	1	1	2	1	1	2	2	1
778	1	1	1	1	1	1	1	1	1	1	2
779	1	2	2	1	2	2	1	2	2	1	2
780	1	1	2	1	1	2	2	1	2	2	2
781	1	1	1	1	1	2	1	1	1	1	2
782	2	1	1	1	1	1	1	1	1	1	1
783	2	2	1	2	2	1	2	2	2	2	2
784	1	1	1	1	1	1	1	1	1	1	1
785	2	2	2	2	2	2	2	2	2	2	2
786	1	1	2	2	1	2	2	2	2	1	2
787	1	1	2	1	1	1	1	1	2	2	1
788	1	2	2	2	2	2	2	1	1	2	2
789	1	2	2	2	2	2	2	2	2	2	2
790	2	2	2	2	2	2	2	2	2	2	2
791	1	2	2	2	2	1	2	1	2	1	2
792	2	2	1	1	1	1	1	1	1	1	2
793	2	1	1	1	1	1	1	1	2	1	1
794	2	2	1	2	2	2	2	2	2	1	2
795	1	1	2	2	1	2	2	1	2	2	2
796	1	1	2	1	1	1	2	1	1	2	1
797	1	1	1	1	1	1	1	1	1	1	1
798	2	2	2	2	1	2	1	2	1	1	2
799	2	2	2	2	2	2	2	2	2	2	2
800	2	2	2	2	2	2	2	2	2	2	2
801	2	2	2	2	2	2	2	2	2	2	2
802	1	1	1	1	1	1	2	1	1	1	1
803	1	1	1	1	1	1	1	2	1	1	1
804	1	1	2	1	1	1	1	1	1	1	1
805	1	2	1	1	2	2	1	1	1	1	1
806	1	1	1	1	1	1	1	1	1	1	1
807	2	1	2	2	2	2	2	2	2	2	2
808	2	1	1	1	1	1	1	2	2	1	1
809	1	1	1	1	1	1	1	1	1	1	2
810	1	1	2	2	2	2	2	1	1	2	1
811	1	2	2	2	2	2	2	2	2	2	2
812	2	2	2	2	2	2	2	2	2	2	2
813	1	2	2	2	2	2	2	2	2	2	2
814	1	1	1	1	1	1	1	1	1	1	1
815	2	2	1	2	2	2	2	2	2	2	2
816	2	2	1	1	2	2	1	2	2	1	1
817	2	1	1	1	1	1	1	1	1	2	1
818	1	2	2	2	2	2	2	2	2	2	2
819	2	2	2	1	2	2	2	2	2	2	2
820	1	2	2	2	2	2	2	2	2	1	2
821	1	1	1	1	1	1	1	1	1	1	1
822	2	1	1	1	1	1	1	1	1	1	1
823	1	1	1	1	1	1	1	1	1	1	1
824	1	2	1	1	2	1	1	1	1	1	1
825	2	2	1	2	1	1	1	1	1	1	1
826	2	1	1	1	1	1	1	1	1	2	1
827	1	2	2	2	2	2	2	2	2	2	2
828	2	2	2	1	1	1	2	2	1	2	1
829	2	2	1	1	1	1	1	2	1	1	1
830	2	2	2	2	2	1	1	2	1	2	2
831	2	2	2	2	1	1	1	1	2	2	2
832	2	2	2	2	2	2	2	2	2	2	2
833	2	1	1	1	1	1	1	1	1	1	1
834	1	1	1	2	2	2	2	1	1	2	2
835	1	1	2	1	1	1	1	1	1	2	1
836	1	1	2	1	1	1	1	1	1	2	2
837	1	2	2	2	2	2	2	2	1	1	2
838	2	1	1	1	1	1	1	1	1	2	2
839	1	1	2	1	1	1	1	1	1	2	1
840	2	2	2	2	2	1	2	1	1	1	2
841	2	2	1	2	1	2	2	2	2	1	2
842	2	1	2	1	1	1	1	1	1	1	2
843	1	1	1	1	1	2	1	1	1	1	1
844	2	2	2	2	2	2	2	1	2	1	2
845	2	1	1	1	1	1	1	1	1	1	1
846	1	1	1	1	1	1	1	1	1	1	1
847	2	2	2	2	2	1	2	2	2	2	2
848	1	2	1	2	2	1	2	2	2	2	1
849	1	1	2	2	2	1	1	2	1	2	1
850	1	2	2	2	2	2	2	2	2	2	2
851	2	2	2	2	2	2	2	2	2	2	2
852	1	2	2	2	2	2	2	2	2	2	2
853	2	2	2	2	2	2	2	2	1	2	1
854	1	1	1	1	1	1	1	1	1	1	2
855	2	1	1	1	1	1	1	2	2	1	1
856	1	1	2	1	1	1	2	1	2	2	1
857	2	1	1	1	1	1	2	2	1	1	1
858	2	2	1	1	2	2	1	2	1	1	1
859	1	2	2	2	1	2	2	2	2	1	2
860	1	1	1	1	1	1	1	1	1	2	2
861	1	1	1	1	1	1	1	1	1	1	1
862	2	2	1	2	2	1	2	2	2	2	2
863	1	1	2	1	1	1	1	1	2	1	2
864	2	1	1	2	2	2	1	2	2	1	2
865	2	1	2	2	2	2	2	2	2	2	2
866	2	1	2	2	1	1	1	2	2	1	2
867	1	1	1	1	1	1	1	1	1	1	1
868	2	1	1	1	1	1	1	1	1	1	1
869	1	1	2	2	1	1	1	1	1	1	1
870	1	1	1	1	1	1	1	1	1	1	1
871	2	1	2	2	2	1	1	2	1	2	1
872	2	1	1	2	1	1	2	1	1	1	1
873	2	1	1	1	1	1	1	1	1	1	1
874	1	2	1	1	2	2	2	2	2	2	2
875	1	1	1	1	1	1	2	1	2	1	2
876	2	1	1	1	1	1	1	1	1	1	1
877	1	1	2	1	2	1	2	1	2	1	2
878	1	1	2	2	1	1	1	1	1	1	1
879	1	2	2	2	2	2	2	2	2	2	1
880	2	1	1	1	1	1	1	1	1	2	1
881	1	1	2	1	1	2	2	2	1	2	2
882	2	2	2	2	2	2	2	2	2	2	2
883	1	1	2	1	1	1	1	2	1	1	1
884	1	1	2	2	1	2	2	1	2	2	1
885	2	1	1	1	2	1	1	1	1	1	1
886	1	1	1	1	2	1	2	2	1	2	1
887	2	1	1	1	2	1	1	1	1	1	1
888	2	2	1	2	2	1	2	2	2	1	2
889	2	1	1	1	1	1	1	1	2	2	1
890	2	2	1	2	2	1	2	2	2	1	2
891	2	1	2	1	1	1	2	1	1	1	1
892	1	2	2	2	1	1	2	2	2	1	1
893	1	2	2	2	2	2	2	2	1	2	2
894	2	2	1	1	1	1	1	1	2	1	2
895	1	1	1	1	1	1	1	1	1	1	1
896	2	1	1	2	2	2	2	1	2	2	2
897	2	2	2	2	2	2	2	1	2	2	2
898	1	1	2	1	2	1	2	1	1	1	2
899	1	1	1	1	1	1	1	1	1	1	1
900	1	2	2	2	2	2	2	2	2	2	2
901	1	2	1	2	2	1	2	1	1	2	1
902	2	1	1	1	1	1	1	1	2	1	1
903	2	1	1	1	1	1	1	1	1	1	1
904	2	1	2	1	2	1	2	1	2	1	1
905	2	2	2	1	2	1	1	1	1	1	1
906	1	1	1	1	1	2	1	2	2	1	1
907	2	1	1	1	1	1	1	1	1	1	1
908	2	1	1	1	1	1	1	1	1	1	1
909	2	2	2	2	2	2	2	2	2	2	2
910	2	2	2	2	2	2	2	2	2	1	2
911	1	1	2	1	1	1	1	2	1	1	1
912	1	1	1	1	2	1	1	2	2	1	2
913	2	1	2	1	1	1	1	1	1	2	1
914	2	2	2	2	2	2	2	2	2	2	2
915	2	2	1	2	2	1	1	2	2	1	2
916	2	2	1	1	2	2	2	2	2	1	1
917	1	1	1	1	1	1	1	1	1	1	1
918	2	2	1	1	2	1	1	2	1	1	2
919	1	1	1	1	1	1	1	1	1	1	1
920	1	2	1	1	2	1	2	1	1	1	2
921	2	2	1	2	2	2	2	2	1	1	1
922	2	2	2	2	1	2	2	2	2	2	2
923	1	1	2	2	2	2	2	2	2	2	2
924	1	2	2	2	2	2	2	2	2	2	2
925	1	2	2	2	2	2	2	2	2	2	2
926	2	1	2	1	1	1	1	1	1	1	1
927	2	2	2	1	2	1	2	1	2	2	1
928	1	2	2	2	1	2	1	1	1	2	2
929	1	2	2	2	2	2	2	2	2	2	2
930	1	1	1	2	2	1	1	1	2	2	2
931	1	2	2	2	2	2	2	2	2	2	2
932	1	1	1	2	2	2	2	1	2	1	2
933	2	2	2	2	2	2	2	2	2	2	2
934	2	2	2	2	2	2	2	2	2	2	2
935	1	2	1	1	2	2	2	1	2	1	2
936	2	1	1	1	1	1	1	1	1	1	1
937	2	1	2	1	2	2	1	2	2	1	2
938	2	1	2	2	1	2	2	2	2	2	2
939	2	1	1	1	1	1	1	1	1	1	1
940	2	2	2	1	2	2	2	2	2	1	2
941	1	1	1	2	1	1	1	2	1	1	1
942	2	1	1	1	1	1	1	2	1	1	1
943	1	2	2	2	2	2	2	2	2	2	2
944	2	2	2	2	2	2	2	2	2	2	2
945	2	2	2	2	2	2	2	2	2	2	2
946	1	1	2	2	1	2	2	2	1	2	2
947	1	1	2	2	1	1	1	1	1	1	1
948	2	1	1	1	1	1	1	1	1	1	1
949	1	1	2	2	1	2	2	2	1	2	2
950	1	2	1	2	1	1	2	1	2	2	2
951	2	2	1	2	2	2	2	2	2	2	2
952	1	2	2	2	2	2	2	2	2	2	2
953	2	2	2	2	2	2	2	1	1	2	2
954	2	2	2	2	2	2	2	1	2	2	1
955	1	2	2	1	2	2	1	1	1	2	2
956	1	1	1	1	1	1	1	1	1	2	1
957	1	2	2	2	2	2	2	2	2	2	2
958	2	1	1	1	1	1	1	1	1	1	2
959	2	2	2	2	2	2	2	2	2	2	2
960	2	2	2	2	2	2	2	2	2	2	2
961	2	1	1	1	1	1	1	1	1	1	1
962	1	1	1	1	1	1	1	1	1	1	1
963	1	1	1	1	1	1	1	1	1	2	1
964	2	1	1	1	1	1	1	1	1	2	1
965	1	2	2	1	2	2	2	1	2	1	2
966	1	1	2	2	2	2	2	1	2	1	2
967	2	2	1	1	2	1	1	2	1	2	1
968	1	2	2	2	2	2	2	2	2	2	2
969	2	2	2	2	2	2	2	2	2	2	2
970	1	2	1	2	2	2	2	1	1	2	2
971	1	1	2	2	2	2	1	2	2	2	1
972	2	2	2	2	2	2	2	2	2	2	2
973	1	2	2	2	2	1	1	2	1	1	1
974	1	1	2	2	1	1	1	1	2	2	1
975	1	2	2	2	1	1	2	2	2	2	1
976	2	2	2	2	2	2	2	2	2	1	1
977	2	2	1	2	1	1	2	2	1	2	1
978	2	1	2	2	2	2	1	2	2	1	1
979	1	2	1	2	2	1	2	2	2	2	2
980	1	1	2	2	2	2	1	1	2	2	1
981	1	2	1	2	2	2	2	1	1	1	2
982	2	2	2	2	2	2	2	2	2	1	2
983	1	2	2	2	2	2	2	1	2	2	2
984	1	2	2	2	2	2	2	2	1	1	2
985	1	1	2	2	1	2	1	1	1	1	1
986	2	1	2	2	2	1	2	2	1	1	2
987	1	1	1	2	2	2	2	1	1	2	1
988	1	1	1	1	1	1	1	1	1	1	1
989	2	1	1	1	1	1	1	2	2	1	1
990	1	1	1	1	1	2	2	1	1	1	1
991	2	1	2	1	1	1	1	1	1	1	1
992	1	2	2	2	2	1	2	2	2	2	1
993	1	1	2	1	1	1	1	1	1	1	1
994	2	2	2	2	2	2	2	2	2	2	2
995	1	1	2	1	1	1	1	2	1	1	1
996	1	2	1	1	1	1	1	1	1	2	2
997	1	2	2	2	2	2	2	2	2	2	2
998	1	2	2	2	2	2	2	2	2	2	2
999	1	1	1	1	1	1	1	2	1	1	1
1000	2	2	1	2	2	1	1	1	1	1	1
1001	1	2	2	2	2	2	2	2	2	2	2
1002	1	2	2	2	2	2	2	2	2	2	2
1003	2	2	1	2	1	2	2	2	2	2	2
1004	2	2	2	2	2	2	2	2	2	2	2
1005	2	2	1	1	1	1	2	1	2	1	1
1006	2	1	1	2	2	1	2	1	2	1	2
1007	1	2	2	2	2	2	1	2	1	2	1
1008	2	2	1	2	2	2	2	2	1	2	2
1009	2	2	2	2	2	2	2	2	2	1	2
1010	1	2	2	2	2	2	2	2	2	2	2
1011	2	1	1	1	1	1	1	1	1	1	1
1012	2	1	1	2	1	2	2	1	1	2	2
1013	2	1	2	1	1	2	2	2	2	1	2
1014	2	1	1	1	1	1	2	1	1	1	1
1015	2	2	1	2	2	2	1	2	2	2	2
1016	2	2	1	1	2	2	2	2	2	2	2
1017	2	2	1	2	2	2	2	2	2	2	2
1018	1	1	2	2	1	2	2	1	2	2	2
1019	1	1	2	1	1	1	1	2	1	1	2
1020	1	1	1	1	2	2	1	1	1	2	1
1021	2	1	1	1	1	1	1	1	1	1	1
1022	1	1	1	1	1	2	1	1	1	1	2
1023	2	1	2	2	2	2	1	1	2	2	2
1024	2	1	1	1	1	1	1	2	2	1	2
1025	1	1	1	1	1	2	1	1	1	1	1
1026	1	1	1	2	2	1	2	2	2	1	1
1027	1	1	1	1	1	1	1	1	1	1	1
1028	2	2	1	2	1	1	1	2	1	1	1
1029	1	2	1	2	2	1	1	1	1	1	1
1030	1	1	1	1	1	1	1	1	1	1	1
1031	1	1	2	1	1	1	1	1	1	2	1
1032	1	1	1	1	1	1	1	2	1	1	1
1033	2	2	1	1	1	1	1	1	1	1	1
1034	2	2	2	2	2	2	2	2	2	2	2
1035	2	1	1	1	1	1	1	1	1	1	1
1036	1	2	2	2	2	2	1	2	1	2	2
1037	2	2	2	2	2	2	2	2	1	2	2
1038	2	2	2	2	2	2	1	2	1	2	2
1039	1	2	2	2	2	2	2	2	2	2	1
1040	2	1	1	1	1	1	1	1	2	1	1
1041	1	2	2	2	2	2	2	2	2	2	2
1042	1	1	1	2	2	2	2	1	2	2	2
1043	1	1	1	1	2	1	1	1	1	1	1
1044	1	1	2	1	1	2	2	1	1	2	2
1045	2	1	1	1	1	1	1	1	1	1	1
1046	1	1	1	1	1	1	1	1	1	1	1
1047	2	1	2	1	1	1	1	1	2	2	2
1048	2	1	2	1	1	1	1	1	2	2	1
1049	1	2	2	2	2	2	2	2	2	1	2
1050	1	1	1	1	1	1	1	1	1	1	1
1051	2	2	2	2	2	2	1	2	1	2	2
1052	1	2	2	2	2	2	1	2	2	2	2
1053	2	2	2	1	2	1	1	1	1	1	1
1054	1	2	2	2	2	2	2	2	2	2	2
1055	2	2	2	2	2	2	2	2	1	2	2
1056	1	2	2	2	2	2	2	2	2	1	2
1057	2	1	1	2	2	1	1	2	2	1	2
1058	1	2	2	2	2	2	2	2	2	2	2
1059	1	2	1	2	2	2	2	1	2	1	1
1060	1	2	2	1	1	1	1	2	1	2	2
1061	1	1	1	1	1	1	1	1	2	1	2
1062	2	1	2	2	1	1	1	2	1	1	1
1063	1	2	1	2	2	2	2	2	1	2	1
1064	1	1	1	2	1	1	1	2	2	2	2
1065	1	1	1	2	1	1	1	1	1	1	1
1066	1	1	1	1	1	1	1	1	1	2	1
1067	1	1	2	1	1	1	1	1	1	1	1
1068	1	1	1	2	1	2	1	1	1	1	2
1069	2	1	2	1	1	2	1	2	2	2	2
1070	2	2	1	1	1	1	1	1	1	2	1
1071	2	2	2	2	2	2	2	2	2	2	2
1072	2	2	2	1	2	2	1	2	1	2	2
1073	1	1	1	1	1	1	1	1	1	1	1
1074	1	1	2	2	2	2	2	2	2	2	2
1075	1	2	1	1	2	2	2	2	2	2	2
1076	2	2	1	1	2	1	2	2	2	1	2
1077	1	1	2	1	2	2	1	1	1	1	2
1078	2	2	2	2	2	2	2	2	2	2	2
1079	1	2	2	2	2	2	2	2	1	2	2
1080	1	2	2	2	2	2	1	2	2	2	2
1081	1	1	2	1	2	2	1	2	2	2	2
1082	1	2	2	2	2	2	2	2	2	2	2
1083	2	2	2	2	2	1	2	1	1	2	2
1084	1	1	2	1	1	1	1	1	2	1	1
1085	1	1	1	1	1	1	1	1	1	1	1
1086	1	2	2	2	2	2	2	2	2	2	2
1087	1	1	2	2	1	2	2	2	2	2	1
1088	1	1	1	1	2	1	1	1	1	1	1
1089	2	2	1	1	1	2	1	2	1	1	2
1090	2	1	1	2	2	2	1	2	2	1	1
1091	1	2	2	2	2	2	2	1	2	2	2
1092	1	1	1	2	2	1	2	1	1	1	1
1093	1	1	2	2	2	1	2	1	2	2	2
1094	2	1	1	1	1	1	1	1	1	1	1
1095	2	1	2	1	1	1	1	1	1	1	1
1096	1	2	1	1	2	1	2	1	1	1	1
1097	1	1	1	1	1	1	1	1	1	1	1
1098	2	1	1	1	1	1	1	1	1	1	1
1099	1	2	2	2	2	2	2	2	1	2	2
1100	1	1	2	1	1	1	1	1	1	2	1
1101	2	1	1	1	1	1	1	1	1	1	1
1102	1	2	1	1	2	2	2	2	1	1	1
1103	2	1	2	2	2	2	2	2	2	2	2
1104	1	2	2	2	2	2	2	2	2	2	2
1105	2	2	2	2	2	2	2	2	2	2	2
1106	1	1	2	2	1	2	1	1	1	2	2
1107	2	2	2	2	2	2	2	2	2	2	2
1108	2	2	2	1	2	2	2	1	1	1	2
1109	2	1	2	2	2	1	2	2	2	2	2
1110	1	1	1	1	1	1	1	1	2	2	1
1111	2	2	1	1	2	2	2	1	2	1	2
1112	2	2	2	1	1	1	1	1	1	1	1
1113	2	2	2	2	2	1	2	2	2	2	2
1114	1	2	2	1	1	1	1	1	2	1	2
1115	1	2	2	2	2	2	2	2	2	1	1
1116	2	2	2	2	2	2	2	2	1	2	2
1117	2	2	1	1	2	1	1	2	2	2	1
1118	1	2	1	1	2	1	1	2	2	1	2
1119	2	2	1	1	1	2	1	1	2	1	1
1120	1	2	2	2	2	2	2	2	2	1	2
1121	1	2	2	2	2	2	2	2	2	2	2
1122	1	1	1	2	2	1	2	2	2	2	1
1123	2	1	1	1	1	2	2	1	2	1	1
1124	2	1	1	1	1	2	1	1	2	1	1
1125	2	1	1	1	1	1	1	1	2	1	1
1126	1	1	1	1	1	1	1	1	1	1	1
1127	1	2	2	1	1	1	1	1	1	2	2
1128	1	1	2	1	1	1	2	2	2	2	1
1129	1	1	2	1	1	2	2	1	1	2	2
1130	1	1	1	1	1	1	1	1	1	1	1
1131	1	1	1	1	1	1	1	2	1	1	1
1132	1	1	1	2	1	1	1	1	1	1	1
1133	2	2	2	2	2	1	1	2	1	2	2
1134	1	1	1	1	1	1	1	1	2	1	2
1135	1	2	2	1	2	1	1	2	1	2	2
1136	1	1	1	1	1	2	2	1	2	1	1
1137	2	1	1	1	2	1	2	2	2	2	1
1138	1	1	1	1	1	1	1	1	1	1	1
1139	1	2	1	2	2	2	2	1	1	1	2
1140	2	1	1	1	1	1	1	1	2	1	1
1141	2	2	2	2	2	2	2	1	2	2	2
1142	1	1	2	1	1	1	1	1	1	1	2
1143	2	1	1	1	1	1	2	1	1	1	1
1144	2	2	2	2	2	2	2	2	2	2	2
1145	1	2	1	2	2	1	2	1	2	2	1
1146	1	2	2	2	2	2	2	1	2	2	2
1147	2	1	1	1	1	1	1	1	1	1	1
1148	2	1	1	1	1	1	1	1	1	2	1
1149	1	1	1	1	1	1	1	1	2	2	1
1150	2	2	2	1	2	1	1	1	1	2	1
1151	1	1	1	2	1	2	2	1	2	1	2
1152	1	2	2	2	2	2	2	1	1	2	2
1153	1	1	1	1	1	1	1	1	1	2	1
1154	2	1	1	1	1	1	1	1	1	1	1
1155	2	1	2	1	1	1	2	1	2	1	2
1156	2	1	1	2	2	1	1	2	2	1	2
1157	1	2	2	2	1	1	1	1	2	2	2
1158	1	2	1	2	1	2	1	2	1	2	1
1159	1	1	2	1	1	1	1	1	1	2	2
1160	2	1	1	2	1	1	1	1	2	1	1
1161	1	1	1	1	1	2	1	1	1	1	1
1162	2	2	2	2	2	2	2	2	1	2	1
1163	1	2	1	2	1	1	1	1	1	1	1
1164	1	1	1	1	1	2	1	1	1	2	1
1165	2	2	1	1	1	1	1	1	1	1	1
1166	1	1	1	1	1	1	2	1	1	1	1
1167	1	1	1	1	2	2	2	2	2	2	2
1168	2	2	2	1	1	2	2	2	1	1	1
1169	1	1	1	1	1	1	1	1	2	1	1
1170	2	2	2	2	2	2	2	2	2	1	1
1171	1	2	2	2	2	2	1	2	2	2	2
1172	2	2	1	2	1	2	1	1	2	1	2
1173	2	2	2	2	2	1	2	2	2	2	2
1174	2	1	1	2	2	1	1	2	1	2	2
1175	1	2	2	2	2	2	2	2	2	2	2
1176	2	2	2	2	2	2	2	2	2	2	2
1177	2	2	1	1	2	1	1	1	1	1	2
1178	2	1	1	1	1	1	1	1	1	1	1
1179	1	2	2	1	2	2	2	2	2	2	2
1180	1	1	2	1	2	2	1	2	1	1	1
1181	2	1	1	1	1	1	1	1	1	1	1
1182	2	2	2	2	2	2	1	2	2	2	2
1183	2	2	2	1	2	1	2	1	1	2	1
1184	2	2	1	1	2	2	2	1	2	2	1
1185	2	2	2	2	1	2	2	2	1	1	1
1186	2	2	1	1	1	1	1	1	1	1	1
1187	2	2	2	2	2	2	2	2	2	2	2
1188	2	1	1	1	1	1	1	1	2	2	1
1189	2	2	1	2	2	2	2	2	2	2	2
1190	2	2	1	2	2	2	2	2	2	2	2
1191	2	1	1	1	1	1	1	1	1	2	1
1192	1	2	2	2	2	2	1	2	2	2	2
1193	1	2	2	2	2	2	2	2	2	2	2
1194	1	1	2	2	2	2	2	1	2	1	2
1195	2	1	1	1	1	1	1	1	1	1	1
1196	2	2	2	1	1	1	2	2	2	1	2
1197	2	2	1	2	1	1	2	1	2	2	1
1198	2	2	2	2	2	2	2	2	2	2	2
1199	2	1	1	1	1	2	1	1	1	1	1
1200	1	1	1	1	1	1	1	1	1	1	1
1201	1	1	1	1	1	2	1	1	1	2	1
1202	2	1	2	1	1	2	1	1	1	1	1
1203	1	2	1	2	2	2	1	1	1	1	1
1204	1	2	2	2	2	2	2	1	2	2	2
1205	2	2	2	2	2	2	2	1	2	2	2
1206	1	2	1	2	2	2	1	2	2	1	2
1207	1	2	2	2	1	2	2	2	2	2	1
1208	2	2	2	2	2	2	2	1	2	2	2
1209	1	2	2	2	2	1	2	2	2	2	1
1210	1	1	1	2	1	1	1	1	1	1	2
1211	1	2	2	2	2	2	2	2	2	2	2
1212	1	1	2	1	2	1	1	1	1	1	1
1213	2	1	1	1	1	1	1	2	1	1	1
1214	2	1	1	2	1	1	1	1	2	1	1
1215	2	2	2	2	2	2	2	2	2	2	2
1216	1	1	2	1	1	1	2	1	2	2	2
1217	2	2	2	2	1	2	2	2	2	2	2
1218	2	1	1	1	1	1	1	1	1	1	1
1219	2	2	1	2	2	2	1	1	1	1	1
1220	2	1	1	2	1	1	1	1	1	1	1
1221	2	2	2	1	1	2	2	1	1	2	2
1222	1	2	1	1	1	1	2	1	1	1	1
1223	1	2	2	2	2	2	2	2	1	2	2
1224	2	2	2	2	2	2	2	2	2	2	2
1225	2	1	2	1	1	1	1	2	2	2	1
1226	2	2	2	2	2	2	2	2	2	2	2
1227	1	2	2	2	2	2	2	2	1	2	1
1228	2	1	1	2	1	1	1	1	2	1	1
1229	1	1	1	1	1	1	2	1	2	1	1
1230	2	1	2	1	1	1	2	1	2	2	2
1231	2	2	2	1	2	2	2	1	2	1	2
1232	1	1	1	1	1	1	1	1	1	1	1
1233	2	2	1	2	2	2	2	1	1	2	2
1234	1	2	2	2	2	2	2	2	2	2	1
1235	2	2	1	1	1	1	1	1	1	1	1
1236	1	2	2	2	2	2	2	2	2	2	2
1237	1	1	1	1	1	1	1	1	2	1	2
1238	2	1	1	1	1	1	1	1	2	1	1
1239	1	1	1	2	1	1	2	2	2	2	1
1240	1	1	1	1	1	1	1	1	1	2	1
1241	1	1	1	1	1	1	1	1	1	1	1
1242	1	2	1	2	2	1	2	1	1	2	1
1243	1	1	1	1	1	1	1	1	1	1	1
1244	2	2	1	2	1	2	2	2	1	2	2
1245	1	1	1	1	1	1	1	1	1	1	1
1246	2	1	1	1	1	1	1	1	1	1	1
1247	2	2	2	2	2	1	2	2	2	2	1
1248	2	1	1	1	1	1	1	1	2	2	1
1249	1	2	2	2	2	2	2	2	2	2	2
1250	2	2	1	2	1	2	2	1	1	2	2
1251	2	2	2	2	2	2	1	2	1	2	1
1252	2	1	1	2	1	1	1	1	2	1	2
1253	2	1	2	1	1	2	1	1	2	2	2
1254	2	1	1	1	1	1	1	1	2	1	1
1255	1	1	1	1	1	1	1	1	2	1	1
1256	2	2	2	2	2	2	2	2	2	2	2
1257	1	2	2	1	1	2	1	2	2	1	2
1258	1	1	1	1	1	1	1	1	1	1	1
1259	2	1	1	1	1	2	1	1	1	1	1
1260	1	1	1	1	1	1	1	1	1	1	1
1261	1	1	2	1	1	1	1	2	2	2	1
1262	2	2	2	2	2	1	2	2	2	1	2
1263	1	1	1	1	1	1	1	1	1	1	1
1264	2	2	2	2	2	2	2	2	2	2	2
1265	1	2	2	2	2	2	1	2	2	2	2
1266	2	1	1	1	1	1	1	1	1	1	2
1267	2	1	1	2	1	1	1	1	1	1	1
1268	2	2	2	2	2	2	1	2	1	2	1
1269	2	1	2	2	1	1	1	1	1	1	2
1270	2	2	2	2	2	2	2	2	2	2	2
1271	2	2	1	2	2	1	2	2	2	2	1
1272	2	1	1	1	1	1	1	2	1	1	1
1273	2	2	1	2	1	1	1	1	2	1	1
1274	1	1	1	2	1	2	1	1	1	1	1
1275	2	1	1	1	1	2	2	1	2	1	1
1276	1	2	2	2	2	2	2	2	2	2	2
1277	2	1	1	1	1	1	1	1	1	2	1
1278	2	2	2	2	2	2	2	2	2	2	2
1279	2	2	2	2	2	2	2	2	1	2	2
1280	2	2	2	2	2	2	2	2	2	1	2
1281	2	2	1	1	1	1	2	1	2	2	2
1282	1	1	1	1	1	1	1	1	1	1	1
1283	2	2	2	2	2	1	2	2	2	1	2
1284	1	1	1	1	1	2	1	2	2	1	1
1285	2	1	2	2	1	1	1	1	1	2	1
1286	2	1	1	2	2	1	2	2	2	1	2
1287	2	1	1	1	1	1	1	1	1	2	1
1288	1	1	1	1	1	1	2	1	1	1	1
1289	2	1	2	1	1	1	1	1	1	1	1
1290	1	1	1	1	2	1	1	1	1	1	1
1291	2	1	1	1	1	1	1	1	1	1	2
1292	1	2	2	2	2	2	2	1	1	1	2
1293	2	2	1	2	2	2	2	2	2	2	1
1294	2	1	1	1	1	2	1	1	2	2	1
1295	1	1	2	1	1	1	1	1	1	2	1
1296	2	1	1	1	2	1	1	1	1	1	1
1297	1	2	2	2	2	2	2	2	2	2	2
1298	2	2	1	2	2	2	2	2	2	1	2
1299	2	2	2	2	2	2	2	1	1	1	2
1300	2	1	1	1	2	1	1	2	1	2	2
1301	2	2	2	2	2	2	2	2	2	2	2
1302	1	1	1	1	1	1	2	1	2	2	1
1303	2	1	2	1	1	1	1	1	1	1	1
1304	1	1	2	1	1	1	1	1	1	1	1
1305	2	1	1	2	2	1	1	1	1	2	2
1306	1	1	1	1	1	1	1	1	1	1	1
1307	1	1	2	2	1	2	1	2	2	2	2
1308	1	1	2	1	1	1	1	1	1	2	1
1309	2	2	2	2	2	2	2	2	2	1	2
1310	2	1	2	2	2	2	1	1	2	2	2
1311	1	2	2	2	2	2	2	2	2	2	2
1312	1	1	1	1	1	1	1	1	1	1	1
1313	1	1	1	1	1	2	1	1	1	1	1
1314	2	1	2	1	1	2	1	2	1	2	2
1315	1	1	1	1	1	1	1	1	1	1	1
1316	1	1	2	1	1	1	1	1	1	1	1
1317	1	1	2	2	2	2	2	2	2	2	2
1318	1	1	1	1	1	1	1	1	1	1	2
1319	2	1	2	2	2	2	1	2	2	2	2
1320	2	1	1	1	1	1	1	1	1	1	1
1321	1	2	1	2	2	2	1	1	2	2	1
1322	1	1	1	1	2	1	1	1	1	1	1
1323	1	2	2	2	2	1	2	1	2	2	2
1324	1	1	1	1	1	1	2	1	2	1	1
1325	1	1	1	1	1	1	1	1	1	1	1
1326	1	2	2	2	2	2	2	2	1	2	2
1327	2	1	1	2	2	1	1	1	1	1	1
1328	1	1	1	1	1	1	1	1	1	1	1
1329	1	1	1	1	1	1	1	1	1	1	1
1330	1	2	2	2	2	2	2	2	2	2	1
1331	1	2	2	1	1	2	2	1	2	2	2
1332	1	1	2	2	2	1	2	2	2	2	2
1333	2	1	1	1	1	1	1	1	1	1	1
1334	2	2	2	2	2	2	2	1	2	2	2
1335	1	1	1	1	1	1	1	1	2	2	2
1336	1	1	1	1	1	1	1	1	2	2	1
1337	2	1	1	1	1	1	1	1	1	1	1
1338	1	1	2	1	1	1	1	1	1	2	1
1339	1	1	1	1	1	1	1	1	1	1	2
1340	2	1	1	1	1	1	1	1	1	2	1
1341	1	2	2	2	2	2	1	2	1	2	2
1342	2	2	1	2	2	1	2	1	1	2	1
1343	2	2	2	1	2	2	2	2	2	2	2
1344	2	1	2	2	1	1	1	1	1	1	1
1345	1	2	1	2	2	2	2	2	2	2	2
1346	2	2	2	2	2	2	2	2	2	2	2
1347	1	2	2	2	1	1	2	1	2	2	1
1348	2	2	2	1	1	2	2	2	2	2	2
1349	1	2	2	2	2	2	2	2	2	2	2
1350	1	1	1	1	1	2	1	2	1	1	1
1351	2	2	2	2	2	2	2	2	2	2	2
1352	1	2	2	1	1	2	1	1	2	2	1
1353	1	2	2	2	2	2	2	2	2	2	2
1354	2	2	2	2	1	1	2	1	1	1	1
1355	2	1	1	1	1	2	1	1	1	1	1
1356	2	2	2	2	2	1	2	1	1	2	1
1357	2	2	2	2	2	2	2	2	2	1	2
1358	2	1	1	1	1	1	1	1	2	1	2
1359	2	1	1	1	1	1	2	1	2	1	1
1360	1	1	1	1	1	1	1	1	1	1	2
1361	2	1	1	1	1	1	1	1	1	1	1
1362	2	1	1	2	1	1	1	1	1	1	2
1363	1	2	2	2	2	2	2	2	2	2	2
1364	1	1	2	1	1	2	1	1	1	1	2
1365	1	2	2	1	1	2	2	2	1	2	2
1366	2	2	1	2	1	1	1	1	1	2	1
1367	1	2	2	2	1	2	2	2	2	1	2
1368	1	1	1	1	1	1	1	1	1	1	1
1369	1	1	2	1	1	2	1	1	2	1	1
1370	2	2	1	2	2	2	2	2	2	2	1
1371	2	2	1	1	1	1	2	2	1	1	2
1372	1	2	2	2	2	2	1	2	2	1	2
1373	2	1	1	1	1	1	1	1	2	1	1
1374	1	2	2	2	2	1	1	2	1	2	2
1375	2	1	1	2	2	1	2	1	2	1	1
1376	1	1	1	1	1	1	1	1	1	1	1
1377	1	2	1	2	2	2	2	2	2	2	2
1378	2	2	1	1	2	2	2	2	1	2	1
1379	1	2	2	2	2	2	2	2	2	2	2
1380	1	1	1	2	1	1	1	1	1	1	1
1381	1	1	2	1	1	2	2	2	1	2	1
1382	1	2	2	1	2	2	1	2	2	2	2
1383	2	2	2	2	2	1	2	1	1	2	2
1384	1	2	1	2	2	2	2	2	1	2	2
1385	1	1	2	1	1	1	1	1	1	2	1
1386	2	2	2	2	2	2	2	1	1	2	2
1387	2	2	2	2	2	2	2	2	2	2	2
1388	2	2	2	2	2	2	2	2	2	2	2
1389	1	1	2	2	1	2	2	2	2	1	1
1390	2	2	1	2	1	1	1	2	1	2	1
1391	1	2	2	2	2	2	2	2	2	2	2
1392	1	1	1	1	1	1	1	1	1	1	1
1393	1	1	2	1	2	1	2	1	1	2	2
1394	1	2	2	2	2	2	2	1	2	2	2
1395	1	1	2	2	1	1	1	1	1	1	1
1396	1	1	2	1	1	1	2	2	2	1	2
1397	2	2	2	2	2	2	2	2	2	2	2
1398	1	2	2	2	2	2	2	2	2	2	2
1399	1	1	2	1	1	1	1	1	1	1	1
1400	2	2	2	2	1	2	1	2	2	2	2
1401	1	2	2	2	2	2	2	2	2	2	2
1402	1	2	2	2	2	2	2	2	2	2	2
1403	2	1	1	1	1	1	1	2	1	1	2
1404	1	2	2	2	1	2	2	2	2	2	1
1405	2	1	1	1	1	2	1	1	2	1	1
1406	2	1	2	1	2	2	2	2	1	2	2
1407	2	2	2	2	2	2	2	2	2	2	2
1408	1	2	2	2	2	2	2	2	2	2	2
1409	1	2	1	2	2	2	1	1	2	1	2
1410	1	1	2	2	2	2	1	2	2	1	2
1411	2	1	2	2	2	1	2	2	1	1	2
1412	1	1	1	1	2	1	1	2	1	1	1
1413	2	2	2	2	2	2	2	2	2	2	2
1414	2	1	1	1	1	1	1	1	2	1	1
1415	2	1	1	1	1	1	1	1	1	1	1
1416	2	2	2	2	2	2	2	2	2	2	2
1417	2	2	2	2	2	2	2	2	2	2	2
1418	2	2	1	2	2	2	2	2	2	2	2
1419	2	1	2	1	1	2	2	1	2	2	2
1420	2	1	1	2	2	2	2	2	1	1	2
1421	2	2	2	2	2	2	2	2	2	2	2
1422	1	2	1	2	1	1	1	1	2	1	1
1423	2	2	2	2	2	2	1	2	1	2	1
1424	1	1	1	1	1	1	2	1	1	1	1
1425	2	2	1	2	2	1	2	2	2	2	2
1426	2	1	2	1	1	2	1	2	1	2	1
1427	1	1	1	1	1	1	1	1	1	1	1
1428	1	2	2	2	2	2	2	2	2	2	2
1429	1	2	2	1	2	2	2	2	2	2	2
1430	2	1	2	2	2	2	2	2	1	2	2
1431	2	1	1	1	2	2	1	1	1	1	1
1432	1	2	2	2	2	2	1	2	2	1	2
1433	1	1	1	1	1	1	1	1	1	1	1
1434	1	1	1	1	1	1	1	1	1	1	1
1435	1	1	1	1	1	1	1	1	1	1	1
1436	2	1	1	1	1	1	1	1	1	1	1
1437	2	2	2	2	2	2	1	1	1	1	2
1438	1	1	2	2	1	1	2	1	2	1	2
1439	1	2	2	2	2	1	1	1	2	1	1
1440	2	2	2	2	2	2	2	2	2	2	2
1441	2	2	2	2	2	2	2	2	2	2	2
1442	1	2	2	2	2	2	1	2	2	2	2
1443	2	1	1	1	2	1	1	1	1	1	1
1444	1	2	2	2	2	2	2	2	2	2	1
1445	1	1	1	1	1	1	1	1	1	1	2
1446	1	1	2	1	1	1	1	1	1	1	2
1447	2	1	2	1	1	1	1	1	1	1	1
1448	1	2	1	1	1	1	2	1	1	1	1
1449	2	2	1	2	2	2	2	2	2	2	2
1450	2	2	2	2	1	2	2	2	2	2	2
1451	1	2	2	2	2	2	2	2	2	2	2
1452	1	1	2	2	1	2	2	2	2	2	2
1453	2	1	1	1	1	1	1	1	1	1	1
1454	1	1	1	2	2	1	1	2	1	2	2
1455	2	1	2	2	2	1	1	1	1	2	2
1456	2	1	2	2	2	2	2	2	2	2	2
1457	2	2	1	1	2	2	1	1	2	1	1
1458	1	2	2	2	2	1	2	2	2	2	2
1459	2	2	1	1	1	1	2	2	2	2	2
1460	2	2	1	2	1	2	1	2	1	2	2
1461	2	1	1	1	1	1	1	1	1	1	1
1462	2	2	1	2	1	1	1	2	2	2	1
1463	1	1	1	2	2	1	2	1	1	1	2
1464	1	1	2	1	1	1	1	2	1	2	1
1465	2	2	1	1	2	2	2	1	1	1	1
1466	1	1	1	1	1	2	1	1	1	1	1
1467	1	1	1	1	1	1	1	1	1	1	2
1468	1	2	2	2	2	2	2	2	1	1	1
1469	2	1	1	1	1	1	1	1	1	1	1
1470	1	1	2	1	2	2	2	1	2	2	2
1471	1	1	1	1	1	2	2	2	1	1	1
1472	1	2	2	2	2	2	2	2	2	2	2
1473	1	1	2	1	1	1	1	1	2	1	1
1474	2	2	2	2	2	2	2	2	2	2	2
1475	1	1	1	1	1	1	1	1	1	1	1
1476	1	1	2	1	1	2	2	2	2	1	1
1477	1	1	2	1	1	1	2	1	1	2	1
1478	2	1	2	1	1	1	1	1	1	2	1
1479	1	1	1	1	1	1	1	1	1	1	1
1480	1	2	2	2	2	2	2	2	2	2	2
1481	1	1	1	1	1	1	1	1	1	1	1
1482	1	2	2	2	2	2	2	2	2	2	2
1483	1	2	1	2	2	2	2	2	2	2	2
1484	1	2	1	2	2	1	1	1	1	1	1
1485	2	1	1	1	1	1	1	1	1	1	1
1486	2	1	1	1	1	1	1	1	1	1	1
1487	1	2	2	2	2	2	2	2	2	2	2
1488	1	1	1	1	1	1	1	1	1	1	1
1489	1	2	1	1	1	1	1	2	2	1	2
1490	1	1	2	2	2	1	2	2	1	1	2
1491	1	2	2	2	2	2	1	2	2	2	2
1492	2	2	2	1	1	1	1	1	2	1	2
1493	1	2	1	2	2	2	1	1	2	1	2
1494	1	1	1	2	1	1	1	2	1	2	1
1495	2	2	2	1	2	2	1	2	1	1	2
1496	2	2	2	2	1	1	2	1	2	2	2
1497	1	1	2	1	1	2	1	1	1	2	1
1498	1	1	1	1	1	1	1	1	2	1	2
1499	2	1	1	1	1	1	1	1	1	1	1
1500	1	2	1	2	1	1	2	1	2	2	1
1501	2	2	2	1	1	1	2	2	2	1	2
1502	1	2	2	2	2	2	2	2	2	2	2
1503	2	1	2	1	1	2	1	1	1	1	1
1504	1	1	1	1	1	1	1	2	1	1	2
1505	2	2	1	1	1	2	2	2	1	2	1
1506	2	2	1	1	2	1	2	1	1	1	1
1507	2	2	2	1	2	1	1	1	1	1	2
1508	2	2	2	2	2	2	2	2	2	2	1
1509	2	2	2	1	2	1	1	1	2	1	2
1510	2	2	2	2	2	2	2	2	1	2	1
