idx	label	eu	eu_lprob1	eu_lprob2	eu_ppl1	eu_ppl2
0	2	1	-3.06	-3.12	21.42	22.75
1	1	2	-2.99	-2.99	19.97	19.89
2	2	2	-2.95	-2.92	19.16	18.54
3	2	1	-3.0	-3.0	20.08	20.13
4	1	2	-2.99	-2.95	19.86	19.07
5	1	1	-3.06	-3.17	21.37	23.86
6	2	1	-2.87	-2.91	17.63	18.33
7	2	2	-2.96	-2.91	19.36	18.28
8	2	2	-2.94	-2.92	18.98	18.53
9	2	2	-3.17	-3.13	23.88	22.81
10	2	2	-3.01	-2.94	20.24	18.83
11	1	1	-2.93	-2.94	18.78	18.88
12	1	2	-2.93	-2.88	18.71	17.74
13	1	1	-3.07	-3.16	21.63	23.57
14	2	2	-2.99	-2.95	19.94	19.03
15	2	1	-2.97	-3.0	19.55	20.14
16	1	1	-2.98	-2.99	19.62	19.85
17	1	2	-2.97	-2.93	19.54	18.69
18	2	2	-2.96	-2.89	19.39	17.96
19	2	2	-2.96	-2.96	19.31	19.29
20	1	1	-2.96	-2.99	19.32	19.81
21	1	2	-3.06	-3.02	21.24	20.48
22	1	2	-2.98	-2.98	19.78	19.76
23	1	2	-3.0	-2.97	20.18	19.58
24	1	2	-3.13	-3.03	22.84	20.75
25	1	1	-3.05	-3.07	21.09	21.57
26	1	2	-3.26	-3.22	26.18	25.04
27	2	2	-2.86	-2.84	17.51	17.18
28	2	1	-3.13	-3.18	22.98	23.93
29	2	1	-3.0	-3.09	20.07	21.94
30	1	1	-3.02	-3.03	20.49	20.73
31	1	1	-2.85	-2.88	17.31	17.77
32	2	1	-3.22	-3.32	25.01	27.61
33	2	1	-3.08	-3.13	21.8	22.81
34	2	1	-2.86	-2.94	17.49	18.83
35	2	2	-3.04	-3.0	20.97	20.1
36	1	1	-2.86	-2.87	17.52	17.58
37	1	2	-3.01	-2.99	20.19	19.95
38	2	2	-3.05	-3.04	21.2	20.86
39	1	1	-2.92	-2.95	18.61	19.18
40	1	2	-3.03	-2.98	20.62	19.61
41	1	1	-3.01	-3.15	20.27	23.29
42	2	1	-3.08	-3.19	21.79	24.36
43	2	2	-3.13	-2.97	22.83	19.57
44	1	1	-2.95	-2.97	19.18	19.45
45	1	2	-3.09	-3.06	22.02	21.39
46	1	2	-2.91	-2.87	18.29	17.56
47	1	1	-3.08	-3.09	21.67	21.97
48	1	2	-3.03	-3.02	20.74	20.46
49	2	2	-3.18	-3.16	24.01	23.65
50	1	1	-3.04	-3.1	20.97	22.24
51	2	2	-3.02	-3.02	20.44	20.39
52	2	2	-3.17	-3.11	23.88	22.36
53	1	2	-2.88	-2.88	17.87	17.83
54	1	2	-2.86	-2.82	17.49	16.74
55	2	1	-2.94	-2.98	18.94	19.61
56	2	1	-2.93	-2.95	18.64	19.13
57	2	2	-3.14	-3.07	23.08	21.63
58	2	2	-2.95	-2.94	19.16	19.0
59	1	2	-2.98	-2.94	19.71	18.89
60	1	2	-3.07	-3.03	21.44	20.75
61	1	2	-3.11	-3.02	22.5	20.43
62	1	1	-3.03	-3.06	20.6	21.29
63	1	1	-3.28	-3.42	26.55	30.67
64	2	2	-3.05	-3.02	21.03	20.57
65	2	1	-3.43	-3.44	31.02	31.23
66	1	1	-3.0	-3.01	20.13	20.28
67	2	1	-3.06	-3.07	21.38	21.54
68	1	1	-3.03	-3.06	20.69	21.24
69	2	1	-3.05	-3.08	21.21	21.67
70	2	2	-3.05	-3.01	21.2	20.38
71	2	2	-2.95	-2.91	19.03	18.44
72	1	1	-2.94	-2.98	19.0	19.76
73	1	2	-3.09	-3.05	21.9	21.05
74	1	2	-3.06	-3.0	21.28	20.07
75	1	1	-2.9	-2.93	18.22	18.64
76	2	1	-2.95	-3.07	19.15	21.44
77	1	2	-3.15	-3.14	23.35	23.14
78	2	2	-2.9	-2.84	18.09	17.15
79	2	2	-2.96	-2.91	19.22	18.42
80	2	1	-3.07	-3.07	21.51	21.53
81	1	2	-2.91	-2.87	18.37	17.61
82	2	2	-2.81	-2.78	16.53	16.07
83	1	1	-3.02	-3.02	20.43	20.54
84	1	2	-3.07	-3.0	21.52	20.11
85	1	1	-3.16	-3.19	23.6	24.25
86	2	2	-3.26	-3.21	26.0	24.66
87	2	1	-2.89	-2.89	17.98	17.99
88	1	2	-2.99	-2.97	19.9	19.59
89	1	2	-2.95	-2.93	19.17	18.65
90	1	1	-2.95	-2.96	19.02	19.21
91	1	1	-3.14	-3.15	23.06	23.38
92	2	2	-3.06	-2.96	21.24	19.34
93	2	2	-2.93	-2.92	18.77	18.54
94	1	1	-2.89	-2.94	17.94	18.87
95	2	2	-3.09	-3.09	22.02	21.88
96	2	1	-3.05	-3.06	21.11	21.23
97	1	2	-3.29	-3.29	26.91	26.73
98	1	2	-3.23	-3.17	25.24	23.76
99	2	2	-3.1	-2.99	22.14	19.92
100	2	2	-2.91	-2.87	18.29	17.71
101	1	2	-3.1	-3.08	22.17	21.65
102	1	2	-3.03	-2.9	20.66	18.26
103	2	2	-3.03	-2.95	20.7	19.13
104	2	2	-3.09	-3.04	21.97	20.97
105	1	2	-3.05	-2.98	21.15	19.72
106	1	1	-3.13	-3.17	22.96	23.84
107	1	1	-2.92	-2.94	18.6	18.91
108	1	1	-3.04	-3.06	20.99	21.3
109	2	1	-2.89	-2.9	18.0	18.19
110	1	2	-3.04	-3.03	20.84	20.63
111	1	2	-3.04	-2.98	20.89	19.74
112	1	2	-3.04	-3.03	20.94	20.6
113	2	1	-3.04	-3.09	20.85	22.06
114	1	1	-2.77	-2.8	15.99	16.47
115	2	1	-3.09	-3.11	22.07	22.38
116	1	2	-3.0	-2.92	20.16	18.54
117	1	2	-2.93	-2.86	18.72	17.43
118	1	2	-2.93	-2.89	18.79	17.93
119	1	2	-3.0	-2.96	20.03	19.33
120	1	2	-2.99	-2.98	19.92	19.62
121	1	2	-2.99	-2.97	19.9	19.4
122	2	2	-2.94	-2.93	18.89	18.66
123	1	1	-2.99	-3.01	19.87	20.23
124	1	1	-3.03	-3.04	20.63	20.96
125	2	2	-3.18	-3.17	23.97	23.83
126	1	2	-3.1	-3.08	22.14	21.74
127	1	2	-3.01	-2.98	20.3	19.72
128	2	1	-3.15	-3.19	23.37	24.38
129	2	1	-2.79	-2.82	16.36	16.81
130	1	1	-2.98	-3.03	19.72	20.62
131	2	2	-3.1	-3.07	22.1	21.57
132	1	1	-2.78	-2.84	16.17	17.17
133	2	2	-3.04	-3.04	20.92	20.88
134	2	2	-3.13	-3.06	22.98	21.35
135	2	2	-3.18	-3.05	24.04	21.1
136	1	2	-2.94	-2.91	18.82	18.43
137	2	2	-3.15	-3.08	23.29	21.68
138	1	1	-2.99	-3.03	19.98	20.79
139	2	1	-2.97	-3.01	19.45	20.21
140	2	1	-3.04	-3.06	20.98	21.43
141	2	1	-3.05	-3.05	21.02	21.03
142	1	1	-2.85	-2.95	17.3	19.17
143	1	2	-2.89	-2.84	17.91	17.19
144	2	2	-3.13	-3.04	22.93	20.92
145	2	2	-3.03	-2.97	20.72	19.56
146	1	2	-2.84	-2.82	17.11	16.82
147	2	2	-3.14	-3.12	23.1	22.7
148	2	1	-2.89	-2.91	18.02	18.44
149	1	2	-3.15	-3.08	23.44	21.77
150	1	2	-2.93	-2.88	18.7	17.82
151	2	1	-3.21	-3.22	24.72	25.08
152	2	1	-2.97	-2.98	19.42	19.63
153	1	1	-3.16	-3.17	23.65	23.9
154	2	2	-2.92	-2.89	18.63	18.03
155	2	2	-3.07	-2.98	21.49	19.6
156	1	1	-3.09	-3.11	22.03	22.49
157	1	1	-3.18	-3.25	24.03	25.9
158	2	2	-3.12	-3.09	22.75	22.07
159	2	1	-2.99	-3.01	19.97	20.19
160	1	2	-2.97	-2.95	19.41	19.01
161	2	2	-3.02	-3.0	20.45	20.02
162	2	1	-2.95	-2.96	19.14	19.35
163	2	1	-2.96	-3.02	19.32	20.47
164	1	1	-3.04	-3.05	20.97	21.02
165	2	1	-3.18	-3.19	24.17	24.26
166	1	2	-3.24	-3.18	25.41	23.96
167	1	2	-2.94	-2.94	18.92	18.85
168	1	2	-2.96	-2.88	19.28	17.89
169	1	1	-3.05	-3.16	21.13	23.55
170	1	2	-3.18	-3.16	23.98	23.52
171	2	2	-3.0	-3.0	20.13	20.1
172	2	1	-2.99	-3.0	19.88	20.16
173	2	2	-3.04	-2.98	20.83	19.66
174	1	2	-2.93	-2.91	18.76	18.34
175	1	2	-3.11	-3.06	22.4	21.24
176	2	1	-2.93	-2.95	18.7	19.09
177	2	2	-3.03	-3.01	20.61	20.29
178	1	1	-2.79	-2.85	16.32	17.23
179	1	2	-2.89	-2.87	17.98	17.67
180	1	1	-2.91	-2.92	18.31	18.62
181	1	2	-3.1	-3.01	22.15	20.21
182	1	2	-2.88	-2.86	17.8	17.53
183	2	1	-2.88	-2.94	17.81	18.96
184	2	1	-3.18	-3.25	23.98	25.73
185	2	2	-2.96	-2.95	19.3	19.19
186	2	1	-3.09	-3.19	21.96	24.24
187	2	1	-3.08	-3.13	21.8	22.89
188	1	2	-3.17	-3.1	23.91	22.2
189	2	1	-2.92	-2.94	18.63	18.9
190	2	1	-3.0	-3.06	20.12	21.23
191	1	1	-3.01	-3.07	20.3	21.55
192	1	2	-3.05	-3.05	21.03	21.02
193	1	2	-3.03	-3.03	20.67	20.62
194	1	1	-2.88	-2.91	17.81	18.27
195	2	2	-2.93	-2.93	18.75	18.73
196	1	1	-2.94	-2.95	18.84	19.02
197	2	1	-2.91	-2.92	18.28	18.48
198	1	2	-2.92	-2.9	18.6	18.25
199	1	2	-2.94	-2.91	18.92	18.42
200	1	1	-3.03	-3.08	20.64	21.75
201	1	2	-2.87	-2.86	17.61	17.46
202	1	2	-2.95	-2.91	19.19	18.35
203	2	1	-3.04	-3.12	20.81	22.57
204	1	1	-3.0	-3.02	20.16	20.41
205	2	1	-2.98	-3.04	19.65	21.0
206	1	2	-3.01	-2.99	20.37	19.87
207	2	2	-2.92	-2.9	18.46	18.25
208	1	2	-2.92	-2.91	18.54	18.39
209	1	2	-3.15	-3.08	23.39	21.74
210	2	2	-2.97	-2.95	19.48	19.15
211	2	2	-3.06	-2.95	21.24	19.2
212	1	1	-3.12	-3.15	22.63	23.26
213	2	2	-3.02	-2.96	20.54	19.2
214	1	1	-2.88	-2.93	17.9	18.81
215	1	2	-2.98	-2.98	19.75	19.64
216	1	1	-2.91	-3.01	18.43	20.21
217	1	1	-2.97	-3.06	19.41	21.27
218	2	1	-2.92	-2.93	18.54	18.7
219	2	2	-3.09	-3.05	22.01	21.11
220	1	1	-2.87	-2.9	17.72	18.24
221	1	2	-3.08	-3.07	21.86	21.58
222	2	2	-3.09	-3.03	21.94	20.71
223	1	1	-2.81	-2.85	16.62	17.26
224	1	1	-3.02	-3.17	20.55	23.86
225	1	2	-3.01	-2.97	20.23	19.5
226	1	2	-3.14	-3.11	23.07	22.42
227	2	2	-2.8	-2.79	16.49	16.21
228	1	2	-3.27	-3.17	26.29	23.82
229	1	2	-3.06	-3.05	21.33	21.06
230	2	1	-3.08	-3.11	21.82	22.53
231	2	2	-3.14	-3.1	23.14	22.22
232	1	1	-2.93	-2.99	18.76	19.82
233	1	1	-3.07	-3.09	21.57	21.91
234	1	1	-2.98	-2.99	19.69	19.87
235	2	2	-3.06	-3.05	21.25	21.04
236	1	1	-3.01	-3.06	20.22	21.38
237	2	2	-3.1	-3.03	22.15	20.63
238	1	2	-3.05	-3.0	21.09	20.11
239	1	1	-2.96	-2.98	19.3	19.64
240	1	1	-2.82	-2.83	16.74	16.92
241	1	1	-2.87	-2.95	17.62	19.02
242	1	1	-2.94	-2.98	18.88	19.6
243	2	1	-2.98	-3.01	19.74	20.35
244	1	2	-3.02	-2.98	20.49	19.74
245	1	2	-3.02	-2.95	20.39	19.13
246	2	1	-3.18	-3.42	23.94	30.72
247	2	2	-3.02	-2.99	20.56	19.98
248	2	1	-3.06	-3.08	21.36	21.69
249	1	1	-2.88	-2.94	17.83	18.89
250	2	2	-3.14	-3.14	23.2	23.08
251	1	1	-2.85	-2.9	17.36	18.19
252	2	2	-3.07	-3.06	21.46	21.29
253	1	2	-3.03	-2.9	20.64	18.15
254	2	2	-3.08	-3.06	21.81	21.43
255	2	2	-3.04	-3.03	20.95	20.62
256	2	1	-2.84	-2.86	17.19	17.53
257	1	2	-3.03	-2.99	20.76	19.79
258	2	1	-2.98	-2.98	19.64	19.73
259	2	2	-2.96	-2.95	19.22	19.17
260	1	1	-3.08	-3.14	21.74	23.15
261	2	2	-3.05	-2.97	21.2	19.53
262	2	2	-3.04	-2.99	20.85	19.97
263	1	2	-3.09	-3.03	21.87	20.75
264	2	2	-2.9	-2.88	18.09	17.89
265	2	2	-3.05	-3.0	21.09	20.04
266	2	2	-3.1	-3.05	22.16	21.21
267	2	2	-2.94	-2.92	18.85	18.6
268	2	1	-2.93	-2.97	18.64	19.53
269	2	2	-2.95	-2.91	19.12	18.35
270	2	2	-3.09	-3.09	22.0	21.89
271	1	2	-3.07	-2.97	21.46	19.54
272	1	2	-3.21	-3.07	24.78	21.58
273	2	1	-2.95	-2.98	19.19	19.71
274	2	1	-2.96	-2.96	19.26	19.33
275	1	2	-2.97	-2.96	19.47	19.24
276	1	2	-3.13	-3.1	22.97	22.12
277	2	2	-2.99	-2.95	19.86	19.07
278	2	2	-2.86	-2.81	17.47	16.62
279	1	1	-2.98	-2.99	19.71	19.92
280	1	2	-3.14	-3.13	23.05	22.89
281	1	2	-2.96	-2.89	19.26	18.05
282	2	1	-2.82	-2.85	16.84	17.28
283	1	2	-2.99	-2.94	19.91	18.93
284	1	1	-3.0	-3.0	20.03	20.14
285	1	1	-3.11	-3.11	22.37	22.52
286	1	2	-2.91	-2.88	18.42	17.88
287	2	1	-2.94	-2.94	18.84	19.0
288	1	2	-3.04	-3.0	21.01	20.06
289	2	2	-3.16	-3.05	23.53	21.07
290	2	2	-2.88	-2.87	17.84	17.68
291	1	2	-2.96	-2.92	19.33	18.56
292	2	1	-3.05	-3.06	21.19	21.35
293	1	2	-3.01	-2.93	20.2	18.64
294	1	2	-2.96	-2.94	19.23	18.98
295	1	1	-2.96	-3.01	19.32	20.26
296	1	2	-3.16	-3.13	23.51	22.88
297	1	1	-3.07	-3.07	21.51	21.58
298	2	1	-2.99	-2.99	19.84	19.85
299	1	1	-3.13	-3.19	22.98	24.21
300	2	1	-3.06	-3.1	21.27	22.16
301	2	1	-2.9	-2.91	18.17	18.36
302	2	1	-3.0	-3.04	20.17	20.87
303	1	2	-2.95	-2.93	19.15	18.8
304	1	2	-2.85	-2.85	17.33	17.32
305	2	2	-3.21	-3.16	24.69	23.49
306	1	1	-2.87	-2.93	17.69	18.69
307	1	2	-2.96	-2.93	19.24	18.74
308	2	2	-2.92	-2.89	18.51	17.94
309	2	1	-2.98	-3.01	19.69	20.33
310	2	1	-2.95	-2.99	19.01	19.93
311	1	1	-2.86	-2.93	17.4	18.81
312	2	2	-3.06	-3.01	21.36	20.2
313	2	2	-2.96	-2.94	19.3	18.85
314	2	2	-2.94	-2.9	18.92	18.11
315	1	2	-2.82	-2.81	16.7	16.57
316	2	1	-3.05	-3.05	21.03	21.06
317	2	1	-2.88	-2.94	17.87	18.99
318	2	2	-3.04	-2.91	20.86	18.4
319	2	2	-3.02	-3.0	20.5	20.15
320	1	1	-3.02	-3.17	20.55	23.69
321	1	1	-3.09	-3.22	22.03	24.91
322	2	2	-2.9	-2.83	18.18	16.96
323	1	1	-3.1	-3.15	22.1	23.38
324	1	2	-3.03	-3.0	20.62	20.05
325	2	2	-3.04	-2.99	20.82	19.98
326	2	2	-3.07	-3.04	21.48	20.84
327	2	1	-3.0	-3.02	20.11	20.56
328	2	1	-2.91	-2.95	18.43	19.03
329	1	2	-3.12	-3.1	22.57	22.12
330	1	1	-3.01	-3.09	20.36	22.01
331	1	1	-2.84	-2.88	17.2	17.81
332	1	2	-2.95	-2.89	19.01	18.02
333	1	2	-2.85	-2.84	17.22	17.15
334	1	1	-2.85	-2.92	17.3	18.51
335	2	1	-2.95	-2.97	19.03	19.48
336	2	1	-2.98	-3.06	19.78	21.27
337	2	2	-3.1	-3.03	22.22	20.79
338	2	1	-3.12	-3.14	22.57	23.0
339	1	2	-2.99	-2.98	19.86	19.78
340	2	1	-2.96	-2.97	19.26	19.47
341	1	2	-3.13	-3.08	22.84	21.8
342	1	1	-3.15	-3.19	23.35	24.26
343	2	2	-3.02	-2.91	20.49	18.34
344	1	1	-2.91	-3.02	18.27	20.4
345	2	2	-3.04	-2.98	21.0	19.74
346	1	1	-2.85	-2.85	17.2	17.33
347	1	2	-3.15	-3.07	23.3	21.59
348	2	1	-3.09	-3.14	21.9	23.04
349	1	2	-3.02	-2.99	20.44	19.87
350	2	2	-3.02	-2.99	20.42	19.91
351	1	1	-2.91	-2.91	18.33	18.43
352	1	2	-2.87	-2.85	17.69	17.36
353	2	1	-3.08	-3.1	21.67	22.17
354	1	2	-3.05	-3.01	21.06	20.23
355	1	2	-2.98	-2.97	19.78	19.57
356	2	2	-2.99	-2.97	19.94	19.5
357	2	1	-3.08	-3.11	21.67	22.32
358	1	2	-3.04	-2.99	20.8	19.84
359	1	1	-3.01	-3.06	20.38	21.28
360	2	2	-3.1	-3.0	22.3	20.11
361	2	2	-3.05	-3.03	21.07	20.65
362	1	2	-2.95	-2.92	19.13	18.63
363	2	2	-3.09	-3.07	21.98	21.44
364	2	2	-2.91	-2.91	18.33	18.3
365	1	1	-3.04	-3.14	20.91	23.19
366	1	2	-3.01	-2.97	20.29	19.57
367	2	1	-3.04	-3.05	20.88	21.13
368	2	2	-2.96	-2.94	19.23	18.88
369	2	2	-2.97	-2.94	19.41	18.83
370	2	2	-3.01	-3.0	20.29	20.19
371	1	2	-2.96	-2.9	19.25	18.11
372	2	2	-2.97	-2.96	19.43	19.27
373	2	1	-2.99	-3.09	19.96	21.93
374	1	2	-3.03	-3.03	20.77	20.68
375	2	1	-2.95	-2.98	19.1	19.63
376	2	1	-2.94	-3.02	18.83	20.48
377	2	1	-2.94	-2.95	18.86	19.2
378	1	2	-3.11	-3.08	22.44	21.81
379	1	1	-3.08	-3.08	21.7	21.76
380	2	2	-3.1	-3.1	22.16	22.15
381	1	2	-3.05	-3.05	21.13	21.04
382	2	2	-2.92	-2.91	18.51	18.42
383	1	2	-2.87	-2.83	17.63	16.99
384	1	1	-3.08	-3.11	21.74	22.33
385	2	1	-2.89	-2.94	18.04	18.93
386	2	1	-2.97	-3.05	19.42	21.2
387	1	2	-2.95	-2.95	19.11	19.07
388	1	2	-3.18	-3.14	24.08	23.06
389	1	1	-2.95	-3.05	19.15	21.17
390	1	2	-3.03	-3.01	20.71	20.22
391	1	2	-2.98	-2.95	19.66	19.04
392	2	2	-2.99	-2.96	19.91	19.34
393	2	1	-2.84	-2.94	17.18	18.97
394	1	1	-2.92	-3.03	18.56	20.72
395	1	1	-3.05	-3.15	21.06	23.27
396	1	2	-3.01	-3.01	20.36	20.28
397	1	2	-3.1	-3.05	22.09	21.19
398	1	2	-2.96	-2.88	19.34	17.82
399	2	2	-2.87	-2.87	17.6	17.58
400	1	2	-3.0	-2.92	20.16	18.48
401	1	1	-2.9	-2.96	18.13	19.27
402	1	2	-3.03	-2.94	20.8	19.0
403	2	1	-3.07	-3.08	21.51	21.68
404	2	2	-3.0	-2.94	20.15	19.01
405	2	2	-3.04	-2.95	21.0	19.13
406	2	2	-3.21	-3.16	24.79	23.61
407	2	2	-2.96	-2.92	19.32	18.63
408	1	1	-2.93	-2.99	18.72	19.83
409	1	2	-2.88	-2.86	17.89	17.41
410	1	1	-2.91	-2.95	18.3	19.02
411	2	2	-2.91	-2.87	18.31	17.56
412	2	2	-3.06	-2.97	21.41	19.44
413	1	1	-3.09	-3.12	22.01	22.59
414	1	1	-3.12	-3.13	22.63	22.84
415	1	2	-2.98	-2.96	19.77	19.35
416	1	2	-3.01	-3.0	20.36	20.0
417	2	1	-3.09	-3.09	21.96	22.05
418	2	1	-3.0	-3.01	20.18	20.37
419	1	2	-3.11	-3.02	22.37	20.56
420	1	1	-2.99	-3.01	19.96	20.2
421	1	1	-3.14	-3.14	22.99	23.0
422	2	2	-3.21	-3.13	24.72	22.88
423	2	2	-2.93	-2.89	18.65	18.03
424	1	1	-3.08	-3.15	21.67	23.3
425	2	2	-2.77	-2.75	15.93	15.67
426	2	2	-3.14	-2.99	23.1	19.83
427	1	1	-2.93	-2.95	18.73	19.06
428	1	1	-3.04	-3.16	20.95	23.46
429	2	2	-3.12	-3.08	22.57	21.87
430	2	1	-3.12	-3.16	22.57	23.54
431	1	1	-3.05	-3.09	21.04	22.06
432	2	2	-3.03	-2.97	20.63	19.47
433	2	2	-3.06	-2.98	21.25	19.69
434	1	2	-2.91	-2.91	18.38	18.33
435	1	2	-3.03	-3.02	20.79	20.39
436	2	1	-3.39	-3.4	29.72	29.97
437	2	2	-3.13	-3.11	22.83	22.35
438	1	1	-3.01	-3.06	20.34	21.34
439	1	2	-3.01	-2.99	20.32	19.94
440	2	2	-3.01	-3.0	20.31	20.04
441	1	1	-3.05	-3.07	21.09	21.45
442	2	2	-3.07	-3.04	21.59	20.82
443	1	2	-3.04	-3.03	20.86	20.74
444	2	1	-2.95	-2.96	19.16	19.24
445	2	2	-3.08	-3.02	21.7	20.45
446	2	2	-2.9	-2.86	18.12	17.41
447	2	2	-3.0	-2.99	19.99	19.97
448	1	1	-3.06	-3.13	21.37	22.89
449	1	1	-3.04	-3.06	20.92	21.33
450	2	2	-2.9	-2.89	18.13	18.04
451	2	1	-3.19	-3.2	24.17	24.43
452	2	2	-2.95	-2.91	19.11	18.39
453	2	1	-3.0	-3.03	20.03	20.71
454	2	1	-3.03	-3.05	20.74	21.17
455	1	2	-2.98	-2.96	19.63	19.37
456	2	1	-2.94	-2.97	18.97	19.43
457	2	1	-3.13	-3.14	22.81	23.13
458	1	1	-2.95	-2.96	19.17	19.26
459	1	2	-3.06	-3.01	21.36	20.39
460	1	1	-2.98	-2.98	19.59	19.73
461	1	1	-3.0	-3.03	20.05	20.68
462	2	2	-3.04	-2.94	20.98	19.0
463	1	1	-3.05	-3.06	21.19	21.38
464	2	2	-3.15	-3.13	23.24	22.89
465	1	1	-3.16	-3.19	23.68	24.2
466	1	2	-3.03	-2.98	20.6	19.6
467	2	1	-3.07	-3.09	21.43	21.88
468	2	1	-2.86	-2.9	17.47	18.2
469	1	1	-2.96	-3.0	19.33	20.02
470	2	2	-3.04	-2.97	20.91	19.41
471	2	1	-3.0	-3.0	20.0	20.06
472	1	2	-3.13	-3.1	22.94	22.19
473	1	2	-3.04	-3.02	20.9	20.4
474	1	2	-2.9	-2.84	18.12	17.12
475	2	2	-3.03	-2.97	20.79	19.43
476	1	2	-2.92	-2.9	18.56	18.2
477	2	1	-3.02	-3.05	20.51	21.13
478	2	1	-2.99	-3.01	19.81	20.21
479	2	1	-3.2	-3.21	24.55	24.78
480	2	1	-3.11	-3.12	22.32	22.62
481	2	2	-3.14	-3.03	23.01	20.68
482	2	2	-3.08	-3.06	21.69	21.31
483	1	1	-2.88	-3.03	17.73	20.61
484	2	1	-3.17	-3.21	23.81	24.7
485	1	1	-2.79	-2.86	16.31	17.45
486	2	2	-3.06	-3.02	21.25	20.56
487	2	2	-3.02	-2.97	20.52	19.45
488	2	2	-3.1	-3.04	22.15	20.97
489	1	1	-2.91	-2.93	18.36	18.74
490	2	1	-3.16	-3.21	23.64	24.74
491	1	1	-3.1	-3.1	22.12	22.22
492	1	2	-2.95	-2.88	19.18	17.82
493	2	2	-3.17	-3.05	23.81	21.04
494	2	1	-2.99	-2.99	19.83	19.97
495	1	1	-2.94	-2.95	18.93	19.15
496	1	1	-2.86	-2.86	17.38	17.55
497	1	2	-3.08	-3.08	21.79	21.69
498	2	2	-2.99	-2.98	19.92	19.78
499	2	2	-3.09	-3.03	22.07	20.66
500	1	2	-2.88	-2.87	17.8	17.58
501	2	1	-2.88	-2.91	17.75	18.3
502	2	1	-2.84	-2.88	17.05	17.73
503	2	1	-3.0	-3.06	20.16	21.34
504	1	1	-3.02	-3.1	20.44	22.2
505	2	1	-2.97	-2.98	19.45	19.74
506	1	2	-2.99	-2.92	19.91	18.53
507	1	1	-2.96	-2.99	19.26	19.86
508	1	2	-3.13	-3.08	22.77	21.67
509	1	1	-2.9	-2.99	18.23	19.87
510	2	1	-3.0	-3.03	20.14	20.65
511	1	1	-3.04	-3.05	20.87	21.04
512	1	2	-3.07	-2.96	21.51	19.38
513	1	2	-2.93	-2.9	18.82	18.17
514	1	1	-3.03	-3.04	20.8	20.83
515	1	1	-3.0	-3.09	20.18	21.91
516	1	1	-3.08	-3.08	21.68	21.72
517	1	1	-2.98	-3.04	19.71	20.97
518	1	1	-2.88	-2.89	17.85	18.01
519	1	2	-2.99	-2.96	19.92	19.26
520	2	2	-2.98	-2.94	19.65	18.97
521	2	1	-2.77	-2.83	15.99	16.92
522	2	2	-3.14	-3.14	23.15	23.07
523	1	1	-2.96	-3.01	19.3	20.23
524	2	2	-2.93	-2.91	18.79	18.27
525	2	1	-3.24	-3.25	25.42	25.8
526	2	2	-3.02	-2.98	20.48	19.72
527	1	1	-3.0	-3.05	20.0	21.02
528	1	2	-3.04	-3.01	20.84	20.23
529	2	2	-2.93	-2.86	18.8	17.46
530	2	1	-3.03	-3.05	20.6	21.13
531	1	1	-2.92	-2.98	18.61	19.73
532	1	1	-2.92	-2.92	18.48	18.53
533	1	2	-2.96	-2.86	19.34	17.44
534	2	1	-2.92	-2.94	18.63	18.94
535	1	2	-3.1	-2.94	22.29	18.88
536	1	2	-2.98	-2.9	19.73	18.17
537	2	1	-2.76	-2.9	15.77	18.13
538	2	1	-2.89	-2.94	17.93	18.94
539	1	2	-3.2	-3.19	24.54	24.23
540	2	2	-3.23	-3.2	25.4	24.59
541	1	2	-3.11	-3.07	22.44	21.57
542	2	1	-3.14	-3.19	23.14	24.27
543	2	2	-2.94	-2.91	18.93	18.3
544	1	2	-3.09	-3.01	22.08	20.37
545	1	2	-3.1	-3.04	22.26	20.98
546	1	2	-2.94	-2.86	18.87	17.45
547	1	1	-2.97	-3.04	19.52	20.92
548	2	2	-3.02	-3.0	20.41	20.07
549	1	1	-3.1	-3.1	22.11	22.23
550	2	1	-3.03	-3.03	20.66	20.73
551	1	2	-2.96	-2.96	19.36	19.31
552	1	2	-3.11	-3.03	22.47	20.66
553	1	2	-3.2	-3.19	24.62	24.34
554	1	2	-2.92	-2.91	18.58	18.37
555	1	2	-3.05	-3.03	21.17	20.77
556	2	2	-3.14	-3.1	23.04	22.19
557	1	1	-2.77	-2.79	15.91	16.29
558	1	2	-2.98	-2.95	19.61	19.14
559	2	2	-3.11	-3.06	22.36	21.42
560	2	1	-2.97	-2.98	19.5	19.62
561	2	1	-2.88	-2.92	17.83	18.6
562	2	2	-2.74	-2.73	15.43	15.28
563	2	1	-2.94	-2.99	19.0	19.95
564	2	1	-2.97	-3.0	19.44	20.09
565	1	1	-2.99	-3.01	19.92	20.33
566	1	2	-2.91	-2.87	18.28	17.64
567	2	1	-2.99	-3.02	19.8	20.48
568	1	1	-3.04	-3.14	20.99	22.99
569	1	2	-3.17	-3.13	23.8	22.85
570	1	1	-3.14	-3.22	23.02	24.96
571	1	2	-3.06	-3.01	21.25	20.21
572	2	1	-3.01	-3.06	20.28	21.23
573	2	1	-3.16	-3.18	23.61	24.12
574	1	1	-3.05	-3.06	21.06	21.23
575	1	2	-3.0	-2.99	20.15	19.93
576	1	2	-2.95	-2.91	19.11	18.33
577	2	1	-2.93	-2.98	18.8	19.6
578	1	1	-2.92	-3.03	18.59	20.6
579	1	1	-3.09	-3.1	21.88	22.2
580	1	1	-2.91	-2.94	18.27	18.93
581	2	1	-3.0	-3.06	20.17	21.27
582	2	2	-2.98	-2.98	19.75	19.7
583	1	1	-3.12	-3.19	22.73	24.33
584	2	2	-3.01	-2.93	20.33	18.77
585	1	2	-2.93	-2.91	18.68	18.43
586	2	1	-2.97	-3.01	19.55	20.38
587	1	2	-3.03	-2.98	20.61	19.67
588	1	2	-2.83	-2.77	16.89	15.92
589	2	1	-2.99	-2.99	19.83	19.86
590	1	2	-3.11	-3.09	22.53	21.96
591	2	2	-2.96	-2.94	19.26	18.84
592	2	2	-2.92	-2.88	18.51	17.9
593	1	2	-3.11	-3.1	22.4	22.28
594	2	1	-3.0	-3.01	20.04	20.31
595	2	1	-3.11	-3.12	22.46	22.54
596	1	2	-3.1	-2.97	22.17	19.54
597	2	2	-3.1	-3.09	22.16	21.93
598	1	2	-3.26	-3.21	26.08	24.68
599	2	1	-2.84	-2.86	17.2	17.41
600	1	2	-3.05	-3.0	21.14	20.05
601	1	2	-3.09	-3.06	21.97	21.41
602	2	2	-3.08	-3.08	21.83	21.71
603	1	1	-3.12	-3.12	22.59	22.71
604	1	2	-3.15	-3.15	23.4	23.35
605	2	1	-2.95	-2.96	19.07	19.22
606	1	2	-3.23	-3.23	25.24	25.2
607	1	1	-3.04	-3.06	20.95	21.33
608	1	1	-3.02	-3.04	20.45	20.93
609	1	2	-2.95	-2.95	19.19	19.17
610	1	1	-2.99	-3.03	19.87	20.72
611	2	1	-3.01	-3.08	20.28	21.66
612	1	2	-3.06	-3.04	21.41	20.99
613	1	1	-3.09	-3.11	21.91	22.46
614	2	1	-3.03	-3.11	20.78	22.5
615	2	1	-2.82	-2.85	16.72	17.23
616	2	2	-2.92	-2.91	18.62	18.32
617	2	2	-3.01	-2.96	20.2	19.32
618	1	1	-3.05	-3.11	21.2	22.45
619	1	1	-3.05	-3.14	21.02	23.09
620	1	2	-3.21	-3.18	24.85	24.06
621	1	2	-2.97	-2.95	19.41	19.11
622	2	2	-2.91	-2.86	18.38	17.52
623	1	2	-3.18	-3.17	23.95	23.73
624	2	2	-3.04	-3.03	20.98	20.64
625	1	2	-2.96	-2.93	19.35	18.73
626	1	1	-2.93	-2.94	18.65	18.98
627	1	1	-2.9	-2.91	18.11	18.41
628	1	2	-2.94	-2.9	18.85	18.11
629	2	1	-3.18	-3.19	24.1	24.2
630	1	1	-3.11	-3.12	22.43	22.7
631	1	2	-3.11	-3.09	22.41	21.95
632	1	1	-2.94	-2.95	18.85	19.12
633	2	1	-3.0	-3.01	19.99	20.25
634	1	1	-2.94	-2.98	18.84	19.63
635	2	2	-3.08	-3.08	21.76	21.71
636	1	1	-2.96	-3.01	19.31	20.35
637	1	1	-2.96	-2.98	19.33	19.72
638	2	1	-3.05	-3.09	21.02	22.07
639	1	2	-3.06	-3.02	21.34	20.53
640	1	2	-2.99	-2.94	19.91	18.9
641	1	2	-3.1	-3.01	22.17	20.29
642	1	1	-2.89	-2.91	17.96	18.27
643	1	2	-2.91	-2.87	18.32	17.62
644	2	2	-2.96	-2.89	19.26	17.94
645	2	2	-3.12	-3.08	22.54	21.81
646	1	1	-3.08	-3.12	21.76	22.68
647	1	1	-2.93	-2.94	18.72	18.88
648	1	1	-2.83	-2.83	16.94	16.95
649	1	1	-3.26	-3.33	26.05	27.85
650	1	1	-3.0	-3.03	20.04	20.67
651	2	2	-2.96	-2.93	19.28	18.73
652	1	2	-3.23	-3.18	25.22	24.04
653	1	2	-3.07	-3.04	21.58	20.98
654	2	1	-2.92	-2.93	18.61	18.65
655	1	2	-3.1	-3.08	22.09	21.76
656	1	1	-3.13	-3.15	22.83	23.38
657	2	1	-3.0	-3.01	20.1	20.27
658	2	1	-2.98	-3.0	19.64	20.01
659	2	2	-3.18	-2.95	24.02	19.1
660	1	2	-3.01	-3.0	20.22	20.05
661	1	1	-3.19	-3.2	24.31	24.56
662	1	2	-3.05	-3.03	21.02	20.71
663	1	2	-2.85	-2.83	17.25	17.02
664	1	2	-3.18	-3.14	24.03	23.01
665	2	1	-2.94	-2.97	18.9	19.48
666	1	2	-2.91	-2.9	18.27	18.11
667	2	2	-2.89	-2.89	18.02	17.93
668	2	1	-3.13	-3.14	22.8	23.07
669	2	2	-3.03	-3.02	20.64	20.41
670	2	2	-2.93	-2.92	18.69	18.46
671	2	2	-2.91	-2.88	18.29	17.75
672	1	2	-3.06	-3.06	21.37	21.35
673	1	1	-2.9	-2.92	18.12	18.46
674	2	2	-3.01	-3.0	20.2	20.0
675	2	2	-3.05	-3.04	21.18	20.94
676	2	2	-2.96	-2.96	19.38	19.36
677	2	2	-2.99	-2.96	19.83	19.29
678	2	2	-3.04	-3.03	20.81	20.62
679	1	2	-2.95	-2.94	19.04	18.9
680	2	2	-3.0	-2.97	20.0	19.5
681	1	2	-3.18	-3.14	24.13	23.21
682	2	2	-2.99	-2.94	19.9	18.86
683	2	1	-2.82	-2.83	16.76	16.96
684	2	2	-3.02	-2.99	20.45	19.8
685	1	1	-3.15	-3.21	23.45	24.79
686	1	1	-2.97	-3.0	19.55	20.06
687	1	2	-3.11	-3.06	22.5	21.28
688	1	1	-2.94	-2.99	18.88	19.84
689	2	2	-3.02	-3.01	20.54	20.26
690	1	1	-2.97	-2.99	19.45	19.81
691	1	2	-2.99	-2.98	19.8	19.68
692	1	2	-2.85	-2.8	17.21	16.47
693	1	1	-3.04	-3.04	20.86	20.91
694	1	2	-3.04	-3.03	20.86	20.77
695	1	1	-3.03	-3.04	20.67	20.89
696	2	1	-2.95	-2.97	19.11	19.42
697	2	2	-3.14	-3.1	23.1	22.11
698	1	2	-3.08	-3.06	21.79	21.36
699	2	1	-2.95	-2.97	19.03	19.4
700	1	1	-3.3	-3.3	27.08	27.23
701	2	1	-3.01	-3.11	20.37	22.38
702	2	1	-3.11	-3.15	22.47	23.24
703	1	1	-2.97	-3.05	19.52	21.02
704	2	1	-2.84	-2.92	17.12	18.52
705	1	1	-3.03	-3.05	20.78	21.04
706	2	1	-2.86	-2.89	17.54	18.04
707	1	1	-2.99	-3.09	19.95	21.95
708	1	2	-3.01	-3.01	20.34	20.19
709	1	2	-3.15	-3.1	23.41	22.25
710	1	2	-3.08	-3.02	21.79	20.51
711	1	2	-3.05	-3.04	21.11	20.95
712	1	2	-3.07	-3.05	21.49	21.03
713	1	1	-2.99	-2.99	19.89	19.98
714	1	1	-3.04	-3.05	20.85	21.21
715	1	2	-3.04	-3.04	20.88	20.82
716	2	2	-3.03	-2.96	20.76	19.34
717	1	2	-3.12	-3.12	22.67	22.57
718	2	2	-2.97	-2.95	19.58	19.08
719	1	2	-3.08	-3.08	21.86	21.8
720	2	2	-2.94	-2.93	18.83	18.82
721	1	1	-3.09	-3.11	22.08	22.41
722	1	2	-3.02	-2.97	20.5	19.51
723	2	2	-3.23	-3.2	25.21	24.44
724	2	1	-3.0	-3.05	20.05	21.18
725	2	2	-3.04	-2.98	20.82	19.62
726	1	1	-3.01	-3.03	20.31	20.66
727	2	1	-2.86	-2.88	17.52	17.82
728	1	2	-3.1	-3.05	22.19	21.15
729	2	2	-2.92	-2.87	18.55	17.55
730	1	2	-3.05	-3.02	21.09	20.47
731	1	2	-2.98	-2.98	19.77	19.72
732	1	1	-3.13	-3.16	22.77	23.5
733	2	2	-2.94	-2.9	18.83	18.24
734	1	1	-3.13	-3.17	22.81	23.82
735	2	2	-3.05	-3.01	21.1	20.35
736	1	2	-2.98	-2.96	19.6	19.36
737	1	2	-3.18	-3.11	24.05	22.36
738	2	2	-3.24	-3.23	25.59	25.25
739	2	1	-3.13	-3.14	22.85	23.16
740	1	1	-3.04	-3.07	20.98	21.62
741	1	2	-2.92	-2.78	18.55	16.17
742	2	2	-2.9	-2.89	18.12	18.08
743	1	2	-3.18	-3.12	23.96	22.66
744	1	2	-3.13	-3.12	22.79	22.58
745	1	1	-2.93	-3.01	18.64	20.22
746	2	1	-3.01	-3.04	20.23	20.81
747	2	1	-2.98	-3.02	19.6	20.5
748	1	2	-3.14	-3.09	23.21	22.01
749	2	1	-2.99	-3.0	19.94	20.1
750	2	2	-3.06	-2.98	21.27	19.72
751	2	2	-3.08	-3.08	21.75	21.73
752	2	1	-2.91	-2.95	18.41	19.15
753	2	1	-3.02	-3.05	20.58	21.1
754	1	1	-3.06	-3.12	21.34	22.63
755	2	1	-2.88	-2.95	17.9	19.14
756	1	1	-2.89	-2.92	17.95	18.55
757	1	2	-3.02	-2.96	20.4	19.39
758	1	2	-3.13	-3.08	22.9	21.72
759	1	2	-2.88	-2.83	17.81	16.96
760	2	2	-3.1	-3.05	22.21	21.2
761	2	2	-3.12	-3.06	22.74	21.31
762	2	1	-3.0	-3.01	20.04	20.27
763	2	1	-2.97	-3.1	19.44	22.28
764	2	1	-2.91	-2.92	18.35	18.47
765	1	1	-2.89	-2.95	18.01	19.06
766	2	1	-2.97	-2.97	19.5	19.58
767	1	1	-3.13	-3.13	22.85	22.85
768	1	1	-3.04	-3.07	20.95	21.65
769	2	2	-3.04	-2.96	20.87	19.39
770	2	2	-3.19	-3.17	24.36	23.8
771	1	2	-2.9	-2.89	18.1	17.95
772	1	2	-3.14	-3.07	23.14	21.53
773	1	1	-3.22	-3.26	24.93	25.97
774	1	1	-3.13	-3.17	22.83	23.77
775	1	2	-3.03	-2.98	20.7	19.66
776	1	1	-2.95	-3.06	19.16	21.27
777	1	2	-3.15	-3.13	23.39	22.8
778	1	2	-2.94	-2.91	18.85	18.38
779	1	2	-3.04	-2.99	20.91	19.96
780	1	1	-3.05	-3.17	21.2	23.76
781	1	2	-3.1	-3.06	22.25	21.23
782	2	2	-3.03	-3.02	20.69	20.39
783	2	2	-3.14	-3.12	23.21	22.7
784	1	1	-3.2	-3.29	24.53	26.86
785	2	2	-2.89	-2.86	17.93	17.44
786	1	1	-3.15	-3.19	23.37	24.31
787	1	2	-3.15	-3.11	23.3	22.33
788	1	1	-3.03	-3.2	20.62	24.55
789	1	1	-2.9	-2.93	18.1	18.82
790	2	1	-3.06	-3.16	21.24	23.56
791	1	2	-2.86	-2.85	17.44	17.27
792	2	1	-3.09	-3.12	21.96	22.59
793	2	2	-3.19	-3.15	24.21	23.26
794	2	1	-3.0	-3.01	20.19	20.21
795	1	2	-2.96	-2.92	19.25	18.53
796	1	2	-3.08	-3.04	21.83	20.83
797	1	2	-3.08	-3.02	21.84	20.54
798	2	2	-3.19	-3.11	24.41	22.46
799	2	1	-2.92	-2.94	18.61	18.84
800	2	1	-2.9	-2.95	18.13	19.18
801	2	1	-3.16	-3.2	23.5	24.63
802	1	2	-3.09	-3.08	21.95	21.84
803	1	2	-2.99	-2.96	19.89	19.25
804	1	1	-3.12	-3.13	22.72	22.91
805	1	2	-3.09	-3.06	21.93	21.4
806	1	1	-2.79	-2.82	16.34	16.8
807	2	2	-2.99	-2.95	19.85	19.19
808	2	1	-2.95	-2.98	19.15	19.76
809	1	2	-2.96	-2.93	19.37	18.81
810	1	2	-2.98	-2.98	19.7	19.66
811	1	1	-3.04	-3.08	20.98	21.8
812	2	2	-2.99	-2.98	19.83	19.61
813	1	2	-3.08	-3.06	21.67	21.38
814	1	2	-3.06	-3.06	21.35	21.28
815	2	1	-3.05	-3.14	21.01	23.13
816	2	1	-2.93	-2.94	18.66	18.96
817	2	1	-3.01	-3.03	20.37	20.72
818	1	2	-3.0	-2.99	20.18	19.83
819	2	2	-3.02	-2.98	20.53	19.63
820	1	1	-3.08	-3.08	21.76	21.85
821	1	2	-3.0	-2.99	20.18	19.97
822	2	2	-3.09	-3.0	22.06	20.1
823	1	2	-2.88	-2.87	17.75	17.65
824	1	1	-3.0	-3.08	20.1	21.82
825	2	2	-3.11	-3.07	22.45	21.49
826	2	2	-3.14	-3.11	23.15	22.46
827	1	1	-2.93	-2.94	18.73	18.85
828	2	2	-3.07	-3.03	21.65	20.75
829	2	2	-3.08	-3.06	21.83	21.25
830	2	2	-3.0	-2.98	20.03	19.66
831	2	1	-2.96	-2.98	19.24	19.71
832	2	1	-2.89	-2.95	18.0	19.18
833	2	2	-2.92	-2.92	18.56	18.49
834	1	1	-3.04	-3.07	20.92	21.62
835	1	2	-2.86	-2.81	17.54	16.67
836	1	2	-2.63	-2.63	13.91	13.89
837	1	2	-2.96	-2.9	19.27	18.15
838	2	1	-3.03	-3.03	20.6	20.65
839	1	1	-2.95	-2.95	19.03	19.12
840	2	1	-3.07	-3.11	21.56	22.35
841	2	1	-3.12	-3.19	22.54	24.32
842	2	2	-2.94	-2.92	18.92	18.61
843	1	2	-3.19	-3.15	24.25	23.35
844	2	1	-3.05	-3.09	21.05	21.95
845	2	1	-2.97	-3.03	19.58	20.6
846	1	2	-2.99	-2.97	19.91	19.53
847	2	2	-3.06	-3.03	21.36	20.73
848	1	1	-3.09	-3.13	21.94	22.9
849	1	2	-3.02	-2.97	20.46	19.52
850	1	2	-2.8	-2.79	16.43	16.3
851	2	2	-2.82	-2.8	16.73	16.5
852	1	1	-2.96	-3.01	19.22	20.37
853	2	1	-3.13	-3.15	22.87	23.42
854	1	1	-2.95	-3.12	19.15	22.65
855	2	1	-2.84	-2.88	17.07	17.81
856	1	2	-2.95	-2.95	19.14	19.04
857	2	2	-3.28	-3.24	26.46	25.66
858	2	1	-3.06	-3.06	21.25	21.26
859	1	1	-2.89	-2.91	17.91	18.28
860	1	1	-2.99	-3.04	19.84	20.87
861	1	1	-3.01	-3.01	20.23	20.35
862	2	1	-2.9	-2.92	18.25	18.46
863	1	1	-3.04	-3.04	20.86	20.9
864	2	2	-3.04	-2.98	20.93	19.76
865	2	1	-2.88	-2.89	17.88	17.93
866	2	2	-3.01	-2.94	20.22	18.99
867	1	1	-2.86	-2.9	17.45	18.25
868	2	2	-3.31	-3.25	27.38	25.68
869	1	2	-3.11	-3.1	22.36	22.29
870	1	2	-3.02	-2.97	20.52	19.43
871	2	2	-3.04	-3.02	20.8	20.4
872	2	1	-2.95	-2.97	19.07	19.55
873	2	2	-2.98	-2.97	19.71	19.52
874	1	1	-3.03	-3.06	20.79	21.39
875	1	1	-3.02	-3.05	20.43	21.17
876	2	2	-3.04	-2.96	20.85	19.37
877	1	2	-3.07	-3.01	21.58	20.35
878	1	2	-3.02	-3.02	20.51	20.42
879	1	1	-3.09	-3.1	22.04	22.27
880	2	1	-2.88	-2.96	17.79	19.38
881	1	1	-3.05	-3.08	21.07	21.75
882	2	2	-3.09	-3.0	21.98	20.03
883	1	2	-3.03	-3.02	20.59	20.58
884	1	2	-2.96	-2.94	19.28	18.89
885	2	1	-2.9	-2.93	18.26	18.8
886	1	2	-3.04	-3.02	20.87	20.51
887	2	2	-3.25	-3.21	25.71	24.77
888	2	1	-3.09	-3.17	21.88	23.85
889	2	1	-2.84	-2.85	17.13	17.31
890	2	1	-2.97	-2.99	19.51	19.91
891	2	2	-2.97	-2.92	19.4	18.53
892	1	2	-2.97	-2.93	19.51	18.67
893	1	1	-2.83	-2.83	16.93	16.97
894	2	2	-2.97	-2.93	19.57	18.72
895	1	2	-3.25	-3.22	25.79	24.98
896	2	2	-3.14	-3.12	23.11	22.67
897	2	2	-3.05	-3.04	21.14	20.95
898	1	1	-2.84	-2.91	17.16	18.33
899	1	2	-2.88	-2.84	17.77	17.14
900	1	1	-3.13	-3.16	22.97	23.62
901	1	2	-3.1	-3.04	22.14	21.0
902	2	2	-3.06	-3.05	21.27	21.05
903	2	2	-2.93	-2.91	18.77	18.3
904	2	1	-2.95	-2.95	19.05	19.14
905	2	2	-2.96	-2.91	19.28	18.38
906	1	2	-3.17	-3.16	23.87	23.66
907	2	2	-2.83	-2.75	17.01	15.63
908	2	2	-3.26	-3.19	26.08	24.33
909	2	1	-2.95	-3.0	19.09	20.1
910	2	1	-2.81	-2.86	16.54	17.45
911	1	2	-3.0	-2.94	20.06	18.97
912	1	2	-3.09	-3.03	21.95	20.74
913	2	2	-2.86	-2.81	17.46	16.61
914	2	1	-3.09	-3.14	21.91	23.13
915	2	2	-2.98	-2.94	19.74	19.0
916	2	1	-2.97	-3.04	19.47	20.92
917	1	1	-2.95	-2.98	19.12	19.76
918	2	2	-3.23	-3.19	25.19	24.19
919	1	1	-3.28	-3.29	26.5	26.91
920	1	2	-3.24	-3.18	25.47	24.07
921	2	2	-3.02	-2.99	20.51	19.81
922	2	2	-3.03	-2.97	20.66	19.58
923	1	2	-3.06	-2.98	21.33	19.63
924	1	1	-2.94	-3.04	18.99	20.95
925	1	2	-2.85	-2.81	17.26	16.59
926	2	1	-2.98	-3.05	19.7	21.15
927	2	2	-2.96	-2.91	19.38	18.3
928	1	2	-3.19	-3.09	24.32	21.95
929	1	1	-3.09	-3.11	21.9	22.42
930	1	1	-2.82	-2.82	16.76	16.78
931	1	2	-3.0	-2.95	20.04	19.15
932	1	2	-3.08	-3.0	21.74	20.05
933	2	1	-3.11	-3.16	22.34	23.68
934	2	2	-3.16	-3.11	23.47	22.37
935	1	1	-2.99	-3.06	19.94	21.26
936	2	1	-2.73	-2.85	15.39	17.29
937	2	1	-2.88	-2.9	17.82	18.25
938	2	2	-3.1	-3.06	22.22	21.42
939	2	2	-2.95	-2.91	19.07	18.4
940	2	1	-2.87	-2.87	17.56	17.58
941	1	2	-3.05	-3.03	21.13	20.7
942	2	1	-3.01	-3.06	20.33	21.39
943	1	2	-3.05	-3.03	21.18	20.8
944	2	1	-2.81	-2.83	16.54	16.89
945	2	1	-3.0	-3.03	20.0	20.67
946	1	2	-3.05	-2.99	21.08	19.87
947	1	2	-3.01	-2.99	20.32	19.89
948	2	1	-3.05	-3.05	21.19	21.22
949	1	2	-2.83	-2.82	17.01	16.78
950	1	2	-3.13	-3.11	22.76	22.41
951	2	1	-3.02	-3.06	20.48	21.23
952	1	2	-2.95	-2.89	19.16	18.05
953	2	2	-3.22	-3.07	24.9	21.65
954	2	1	-2.91	-3.04	18.38	20.83
955	1	1	-2.97	-2.97	19.56	19.57
956	1	2	-3.11	-3.08	22.31	21.8
957	1	2	-3.03	-2.96	20.77	19.39
958	2	2	-2.92	-2.86	18.6	17.53
959	2	1	-3.05	-3.08	21.11	21.84
960	2	1	-3.04	-3.15	20.97	23.3
961	2	1	-3.11	-3.12	22.45	22.71
962	1	2	-3.11	-3.05	22.48	21.04
963	1	2	-2.89	-2.84	17.94	17.14
964	2	1	-2.86	-2.92	17.5	18.5
965	1	1	-2.99	-3.0	19.97	20.13
966	1	2	-3.06	-3.05	21.3	21.14
967	2	2	-3.04	-3.03	20.88	20.78
968	1	1	-3.2	-3.2	24.44	24.47
969	2	1	-2.99	-3.03	19.86	20.75
970	1	2	-3.07	-3.01	21.64	20.23
971	1	2	-2.97	-2.95	19.46	19.04
972	2	1	-2.73	-2.89	15.3	17.97
973	1	1	-3.08	-3.11	21.69	22.41
974	1	2	-3.09	-3.06	22.02	21.41
975	1	1	-2.79	-2.84	16.23	17.13
976	2	2	-2.97	-2.95	19.43	19.16
977	2	1	-2.89	-2.9	18.07	18.17
978	2	2	-3.02	-2.94	20.56	18.94
979	1	2	-3.02	-2.96	20.41	19.24
980	1	1	-2.79	-2.85	16.33	17.33
981	1	2	-3.03	-2.98	20.72	19.78
982	2	2	-3.12	-3.11	22.55	22.44
983	1	1	-2.91	-2.93	18.31	18.77
984	1	2	-2.96	-2.94	19.31	18.97
985	1	1	-2.97	-3.03	19.58	20.6
986	2	1	-2.9	-2.95	18.24	19.02
987	1	2	-3.14	-3.09	23.04	21.97
988	1	2	-2.94	-2.93	18.83	18.65
989	2	2	-3.08	-3.07	21.71	21.48
990	1	1	-2.99	-3.0	19.92	20.12
991	2	2	-3.08	-3.01	21.8	20.19
992	1	2	-3.02	-3.01	20.47	20.31
993	1	2	-3.05	-3.03	21.2	20.62
994	2	1	-2.93	-3.02	18.75	20.56
995	1	1	-2.81	-2.87	16.64	17.6
996	1	2	-3.25	-3.22	25.86	24.92
997	1	1	-2.97	-3.05	19.58	21.13
998	1	2	-2.87	-2.87	17.66	17.59
999	1	1	-3.17	-3.22	23.91	24.94
1000	2	1	-2.89	-2.91	18.03	18.34
1001	1	2	-3.08	-2.99	21.66	19.94
1002	1	1	-2.95	-2.96	19.18	19.31
1003	2	1	-2.99	-3.02	19.88	20.54
1004	2	1	-2.92	-2.93	18.52	18.67
1005	2	1	-2.98	-3.05	19.78	21.16
1006	2	2	-3.01	-3.0	20.23	19.99
1007	1	1	-2.84	-2.95	17.04	19.16
1008	2	1	-2.89	-2.99	18.07	19.97
1009	2	1	-2.86	-2.87	17.39	17.6
1010	1	1	-3.16	-3.19	23.61	24.2
1011	2	1	-2.92	-2.93	18.51	18.77
1012	2	2	-3.04	-3.02	20.98	20.58
1013	2	2	-3.04	-3.02	20.89	20.47
1014	2	2	-3.11	-3.09	22.37	21.94
1015	2	2	-2.95	-2.94	19.19	18.9
1016	2	1	-3.03	-3.05	20.69	21.1
1017	2	1	-3.05	-3.07	21.09	21.56
1018	1	1	-3.03	-3.09	20.64	21.99
1019	1	2	-3.07	-3.06	21.49	21.38
1020	1	2	-2.97	-2.95	19.58	19.05
1021	2	1	-2.95	-2.98	19.03	19.72
1022	1	1	-3.01	-3.02	20.35	20.44
1023	2	1	-3.03	-3.04	20.75	20.89
1024	2	2	-2.99	-2.86	19.86	17.44
1025	1	1	-3.01	-3.01	20.2	20.29
1026	1	1	-3.13	-3.15	22.87	23.33
1027	1	1	-2.92	-3.0	18.49	19.99
1028	2	2	-2.79	-2.77	16.27	15.9
1029	1	2	-3.08	-3.03	21.69	20.73
1030	1	2	-2.99	-2.96	19.84	19.22
1031	1	1	-2.92	-3.01	18.58	20.29
1032	1	2	-3.04	-2.97	21.0	19.52
1033	2	2	-3.07	-3.06	21.44	21.32
1034	2	2	-3.1	-3.09	22.27	22.01
1035	2	1	-2.97	-2.97	19.45	19.47
1036	1	2	-2.97	-2.94	19.41	18.83
1037	2	1	-2.87	-2.97	17.7	19.41
1038	2	2	-2.86	-2.84	17.48	17.19
1039	1	2	-2.96	-2.92	19.35	18.61
1040	2	2	-3.07	-3.01	21.52	20.2
1041	1	2	-3.12	-3.05	22.68	21.21
1042	1	1	-2.83	-2.9	16.94	18.15
1043	1	1	-2.75	-2.8	15.61	16.46
1044	1	1	-2.9	-2.91	18.16	18.29
1045	2	2	-3.02	-2.97	20.59	19.44
1046	1	2	-3.14	-3.12	23.09	22.55
1047	2	2	-2.89	-2.87	18.07	17.55
1048	2	1	-3.12	-3.13	22.59	22.85
1049	1	2	-3.18	-3.17	24.09	23.78
1050	1	2	-3.35	-3.29	28.44	26.89
1051	2	1	-3.12	-3.13	22.55	22.9
1052	1	1	-2.92	-2.94	18.58	18.95
1053	2	2	-3.09	-3.07	22.06	21.58
1054	1	1	-2.92	-2.94	18.58	18.84
1055	2	1	-2.96	-3.03	19.39	20.69
1056	1	2	-3.05	-2.99	21.09	19.84
1057	2	1	-3.14	-3.17	23.21	23.83
1058	1	1	-3.48	-3.57	32.43	35.38
1059	1	1	-3.09	-3.1	22.02	22.2
1060	1	2	-2.91	-2.82	18.29	16.71
1061	1	2	-3.05	-3.01	21.16	20.36
1062	2	1	-2.73	-2.82	15.41	16.76
1063	1	1	-3.11	-3.13	22.45	22.81
1064	1	1	-3.05	-3.06	21.21	21.28
1065	1	2	-2.85	-2.77	17.26	15.97
1066	1	1	-3.05	-3.09	21.04	22.08
1067	1	2	-3.09	-3.03	21.98	20.64
1068	1	2	-3.05	-2.94	21.22	18.94
1069	2	1	-3.0	-3.07	20.02	21.46
1070	2	2	-2.99	-2.97	19.93	19.57
1071	2	2	-2.96	-2.94	19.27	18.95
1072	2	2	-2.92	-2.9	18.52	18.17
1073	1	2	-2.92	-2.92	18.56	18.46
1074	1	1	-2.98	-3.06	19.6	21.31
1075	1	2	-3.07	-3.07	21.56	21.53
1076	2	2	-3.05	-2.98	21.08	19.65
1077	1	1	-2.92	-2.98	18.45	19.61
1078	2	1	-3.08	-3.08	21.74	21.81
1079	1	2	-2.96	-2.95	19.3	19.13
1080	1	1	-2.96	-3.05	19.25	21.02
1081	1	1	-2.96	-3.13	19.38	22.83
1082	1	2	-3.04	-3.04	20.89	20.82
1083	2	1	-2.91	-3.02	18.33	20.5
1084	1	2	-2.93	-2.91	18.79	18.38
1085	1	2	-3.17	-3.16	23.76	23.65
1086	1	2	-3.1	-3.09	22.26	21.95
1087	1	1	-3.03	-3.05	20.68	21.02
1088	1	2	-3.09	-3.03	22.03	20.69
1089	2	1	-3.01	-3.02	20.28	20.46
1090	2	1	-2.86	-2.89	17.43	18.01
1091	1	2	-3.04	-3.03	20.85	20.8
1092	1	1	-2.94	-2.99	18.94	19.87
1093	1	2	-3.12	-3.09	22.74	22.06
1094	2	2	-3.05	-3.01	21.06	20.27
1095	2	2	-2.95	-2.92	19.14	18.59
1096	1	1	-2.97	-3.0	19.46	20.07
1097	1	1	-2.9	-2.94	18.16	18.96
1098	2	2	-3.03	-2.99	20.65	19.79
1099	1	1	-3.06	-3.09	21.23	21.87
1100	1	1	-3.05	-3.05	21.08	21.2
1101	2	2	-3.08	-3.0	21.7	20.12
1102	1	1	-2.99	-3.09	19.97	21.98
1103	2	2	-3.14	-3.05	23.05	21.13
1104	1	1	-2.95	-2.95	19.13	19.16
1105	2	1	-3.0	-3.02	20.12	20.52
1106	1	2	-2.98	-2.94	19.72	18.86
1107	2	1	-3.1	-3.14	22.12	23.05
1108	2	1	-3.1	-3.1	22.21	22.27
1109	2	1	-2.91	-2.96	18.38	19.25
1110	1	2	-3.02	-3.01	20.56	20.2
1111	2	2	-3.1	-3.05	22.14	21.17
1112	2	2	-3.28	-3.27	26.67	26.37
1113	2	1	-3.02	-3.04	20.58	20.95
1114	1	2	-2.93	-2.92	18.82	18.6
1115	1	1	-3.07	-3.08	21.54	21.75
1116	2	1	-2.83	-2.84	17.03	17.05
1117	2	1	-2.93	-2.95	18.81	19.14
1118	1	2	-3.04	-3.03	20.96	20.77
1119	2	2	-2.97	-2.92	19.44	18.59
1120	1	2	-2.96	-2.87	19.39	17.66
1121	1	2	-3.09	-3.08	22.08	21.72
1122	1	1	-2.9	-2.94	18.23	18.9
1123	2	2	-2.94	-2.89	18.88	17.95
1124	2	2	-3.12	-3.04	22.72	20.85
1125	2	2	-3.09	-3.06	22.07	21.31
1126	1	1	-3.15	-3.18	23.37	24.16
1127	1	2	-3.03	-3.03	20.68	20.65
1128	1	2	-3.22	-3.2	24.98	24.43
1129	1	1	-3.03	-3.08	20.63	21.72
1130	1	2	-3.04	-3.04	21.0	20.94
1131	1	2	-3.09	-3.04	22.06	20.97
1132	1	2	-2.76	-2.68	15.86	14.65
1133	2	2	-2.98	-2.95	19.67	19.04
1134	1	1	-2.96	-2.99	19.26	19.83
1135	1	1	-3.08	-3.1	21.76	22.15
1136	1	2	-3.1	-3.01	22.24	20.38
1137	2	1	-3.16	-3.2	23.55	24.53
1138	1	2	-2.95	-2.93	19.02	18.72
1139	1	1	-3.01	-3.06	20.26	21.41
1140	2	2	-3.04	-3.03	20.96	20.67
1141	2	2	-2.88	-2.87	17.89	17.61
1142	1	1	-2.95	-3.03	19.2	20.78
1143	2	2	-3.09	-3.0	22.02	20.14
1144	2	1	-2.99	-3.03	19.83	20.67
1145	1	2	-3.11	-3.09	22.34	21.88
1146	1	2	-3.07	-3.0	21.44	20.07
1147	2	2	-3.09	-3.08	21.99	21.85
1148	2	2	-3.0	-2.96	20.16	19.33
1149	1	1	-3.26	-3.28	26.14	26.49
1150	2	2	-3.0	-3.0	20.17	20.14
1151	1	1	-3.02	-3.05	20.52	21.06
1152	1	2	-2.78	-2.77	16.07	15.91
1153	1	1	-3.17	-3.19	23.88	24.21
1154	2	2	-3.08	-3.05	21.81	21.13
1155	2	1	-2.86	-2.92	17.44	18.5
1156	2	2	-3.23	-3.23	25.29	25.18
1157	1	2	-3.24	-3.21	25.48	24.86
1158	1	1	-3.06	-3.1	21.38	22.28
1159	1	2	-3.0	-2.96	20.06	19.31
1160	2	2	-2.95	-2.92	19.01	18.59
1161	1	2	-3.06	-3.0	21.43	20.13
1162	2	1	-3.08	-3.08	21.65	21.74
1163	1	1	-3.05	-3.08	21.21	21.67
1164	1	1	-2.87	-2.89	17.56	17.92
1165	2	2	-2.98	-2.9	19.78	18.09
1166	1	1	-3.22	-3.27	25.07	26.35
1167	1	2	-3.09	-3.04	22.05	20.97
1168	2	2	-3.09	-3.05	21.9	21.14
1169	1	1	-3.04	-3.04	20.95	20.95
1170	2	1	-3.09	-3.12	22.04	22.66
1171	1	2	-3.02	-3.01	20.46	20.28
1172	2	1	-3.06	-3.11	21.4	22.5
1173	2	2	-3.0	-2.96	20.16	19.25
1174	2	2	-3.05	-2.99	21.22	19.8
1175	1	2	-3.1	-3.06	22.24	21.38
1176	2	1	-3.02	-3.08	20.46	21.74
1177	2	2	-3.08	-3.08	21.84	21.7
1178	2	1	-2.64	-2.67	14.01	14.38
1179	1	2	-2.92	-2.9	18.56	18.19
1180	1	2	-3.03	-3.01	20.63	20.32
1181	2	2	-2.9	-2.81	18.1	16.58
1182	2	2	-3.2	-3.17	24.43	23.81
1183	2	2	-3.11	-3.02	22.41	20.59
1184	2	2	-3.01	-3.01	20.32	20.24
1185	2	1	-2.92	-2.92	18.46	18.56
1186	2	2	-2.92	-2.91	18.59	18.41
1187	2	2	-3.07	-3.06	21.61	21.36
1188	2	2	-3.01	-2.84	20.27	17.16
1189	2	1	-3.11	-3.12	22.45	22.61
1190	2	2	-3.11	-3.08	22.5	21.67
1191	2	1	-2.93	-2.97	18.7	19.52
1192	1	1	-3.05	-3.15	21.05	23.38
1193	1	1	-3.02	-3.05	20.54	21.12
1194	1	1	-3.0	-3.0	20.04	20.05
1195	2	2	-3.08	-2.88	21.87	17.79
1196	2	2	-3.1	-3.08	22.1	21.85
1197	2	2	-3.03	-3.03	20.77	20.63
1198	2	1	-2.95	-2.96	19.14	19.26
1199	2	1	-2.97	-3.04	19.42	20.93
1200	1	2	-2.98	-2.98	19.72	19.72
1201	1	2	-3.15	-3.06	23.23	21.37
1202	2	2	-3.04	-3.02	20.91	20.51
1203	1	1	-3.08	-3.24	21.75	25.49
1204	1	1	-2.93	-2.94	18.78	18.84
1205	2	1	-3.1	-3.12	22.23	22.55
1206	1	1	-3.06	-3.09	21.22	22.08
1207	1	1	-2.88	-2.99	17.9	19.85
1208	2	2	-3.13	-3.07	22.88	21.61
1209	1	2	-2.96	-2.91	19.2	18.41
1210	1	2	-3.17	-3.09	23.86	21.89
1211	1	2	-3.04	-3.03	20.93	20.73
1212	1	1	-3.12	-3.13	22.57	22.97
1213	2	2	-2.98	-2.98	19.67	19.64
1214	2	2	-3.03	-3.02	20.66	20.51
1215	2	2	-2.98	-2.92	19.72	18.47
1216	1	1	-3.05	-3.07	21.1	21.58
1217	2	2	-3.15	-3.11	23.41	22.5
1218	2	1	-2.99	-3.02	19.94	20.46
1219	2	2	-2.97	-2.95	19.43	19.06
1220	2	1	-3.04	-3.05	20.89	21.07
1221	2	2	-2.98	-2.97	19.71	19.43
1222	1	1	-3.07	-3.09	21.52	22.06
1223	1	1	-3.03	-3.07	20.63	21.46
1224	2	2	-3.07	-2.98	21.48	19.64
1225	2	2	-3.04	-3.01	20.94	20.31
1226	2	2	-3.16	-3.06	23.48	21.43
1227	1	2	-3.02	-3.0	20.45	19.99
1228	2	2	-3.05	-2.99	21.15	19.95
1229	1	2	-2.93	-2.93	18.79	18.65
1230	2	2	-3.1	-3.08	22.13	21.76
1231	2	1	-3.07	-3.09	21.6	21.87
1232	1	2	-3.13	-3.0	22.96	20.11
1233	2	2	-3.07	-3.07	21.58	21.44
1234	1	2	-3.19	-3.18	24.4	24.12
1235	2	2	-3.0	-2.95	20.14	19.14
1236	1	2	-3.02	-2.93	20.44	18.68
1237	1	1	-2.99	-2.99	19.79	19.84
1238	2	1	-2.96	-2.98	19.22	19.77
1239	1	1	-3.03	-3.07	20.63	21.54
1240	1	2	-2.96	-2.96	19.36	19.29
1241	1	2	-3.14	-3.1	23.04	22.14
1242	1	1	-2.93	-2.98	18.71	19.7
1243	1	2	-3.03	-2.98	20.69	19.78
1244	2	1	-2.99	-3.0	19.89	20.04
1245	1	2	-2.98	-2.94	19.75	18.83
1246	2	1	-2.96	-3.01	19.31	20.29
1247	2	2	-3.08	-2.97	21.85	19.42
1248	2	2	-3.15	-3.09	23.43	21.9
1249	1	2	-3.09	-3.07	22.07	21.47
1250	2	2	-3.04	-3.04	20.98	20.88
1251	2	2	-3.01	-2.99	20.3	19.92
1252	2	1	-3.05	-3.05	21.07	21.08
1253	2	1	-3.08	-3.11	21.74	22.34
1254	2	2	-3.09	-3.03	21.98	20.73
1255	1	1	-3.14	-3.19	23.17	24.23
1256	2	2	-2.91	-2.9	18.41	18.23
1257	1	1	-2.93	-2.98	18.77	19.65
1258	1	1	-3.04	-3.06	20.87	21.27
1259	2	2	-3.06	-3.03	21.28	20.67
1260	1	2	-2.95	-2.94	19.17	18.94
1261	1	2	-2.99	-2.96	19.86	19.22
1262	2	2	-2.88	-2.88	17.82	17.8
1263	1	1	-2.88	-2.89	17.82	18.04
1264	2	1	-3.09	-3.17	21.96	23.69
1265	1	1	-3.21	-3.25	24.75	25.82
1266	2	2	-3.08	-2.99	21.67	19.83
1267	2	1	-3.06	-3.08	21.38	21.83
1268	2	1	-3.03	-3.04	20.79	20.95
1269	2	2	-3.06	-3.03	21.23	20.71
1270	2	1	-3.11	-3.14	22.45	23.08
1271	2	1	-3.07	-3.09	21.48	22.03
1272	2	1	-2.98	-2.99	19.78	19.95
1273	2	2	-3.23	-3.2	25.29	24.58
1274	1	2	-3.1	-3.09	22.1	21.94
1275	2	2	-2.9	-2.9	18.14	18.14
1276	1	2	-3.11	-3.05	22.47	21.17
1277	2	2	-3.11	-3.08	22.52	21.84
1278	2	2	-2.94	-2.94	18.85	18.82
1279	2	1	-2.73	-2.75	15.3	15.64
1280	2	1	-2.8	-2.88	16.44	17.73
1281	2	1	-2.96	-2.99	19.27	19.86
1282	1	1	-2.84	-2.96	17.07	19.37
1283	2	1	-3.21	-3.23	24.84	25.32
1284	1	2	-3.05	-3.03	21.09	20.69
1285	2	1	-3.0	-3.0	20.14	20.15
1286	2	2	-3.02	-3.02	20.47	20.46
1287	2	1	-2.91	-2.99	18.32	19.95
1288	1	2	-3.04	-3.03	20.81	20.77
1289	2	2	-3.31	-3.24	27.32	25.66
1290	1	2	-2.97	-2.96	19.5	19.31
1291	2	2	-3.16	-3.01	23.66	20.38
1292	1	1	-2.95	-2.96	19.14	19.24
1293	2	2	-3.11	-3.09	22.47	22.04
1294	2	1	-2.79	-2.8	16.27	16.51
1295	1	2	-2.98	-2.96	19.66	19.26
1296	2	1	-2.89	-2.89	17.92	18.03
1297	1	2	-2.97	-2.94	19.4	18.91
1298	2	1	-3.02	-3.05	20.53	21.02
1299	2	2	-3.25	-3.02	25.76	20.57
1300	2	1	-3.02	-3.04	20.43	20.95
1301	2	1	-3.1	-3.14	22.2	23.04
1302	1	2	-3.14	-3.11	23.1	22.53
1303	2	2	-3.08	-3.07	21.79	21.56
1304	1	1	-2.81	-2.88	16.55	17.86
1305	2	2	-2.83	-2.82	16.88	16.7
1306	1	2	-3.19	-3.15	24.35	23.42
1307	1	1	-2.94	-3.08	19.0	21.68
1308	1	1	-2.92	-2.97	18.61	19.44
1309	2	1	-2.92	-2.99	18.59	19.94
1310	2	2	-3.05	-3.05	21.15	21.15
1311	1	1	-2.94	-3.01	18.92	20.32
1312	1	1	-3.21	-3.23	24.68	25.17
1313	1	1	-2.88	-2.95	17.82	19.2
1314	2	2	-3.04	-3.01	20.88	20.37
1315	1	2	-2.95	-2.89	19.18	17.99
1316	1	2	-2.97	-2.89	19.54	18.01
1317	1	1	-2.9	-2.96	18.17	19.32
1318	1	2	-2.99	-2.88	19.86	17.9
1319	2	2	-2.95	-2.85	19.08	17.26
1320	2	2	-3.06	-2.88	21.36	17.84
1321	1	1	-3.08	-3.14	21.68	23.09
1322	1	2	-3.06	-3.04	21.35	20.87
1323	1	1	-3.05	-3.12	21.14	22.57
1324	1	1	-2.97	-2.99	19.43	19.8
1325	1	1	-2.81	-2.83	16.57	17.01
1326	1	2	-2.86	-2.78	17.42	16.2
1327	2	2	-3.06	-3.01	21.29	20.31
1328	1	2	-3.16	-3.09	23.52	21.89
1329	1	2	-3.03	-2.96	20.69	19.31
1330	1	1	-3.12	-3.15	22.59	23.24
1331	1	1	-2.86	-2.94	17.39	18.93
1332	1	2	-3.01	-2.99	20.23	19.82
1333	2	2	-3.03	-2.98	20.76	19.78
1334	2	1	-3.15	-3.2	23.37	24.52
1335	1	1	-2.98	-3.0	19.75	20.15
1336	1	2	-3.05	-2.97	21.18	19.58
1337	2	1	-2.93	-2.96	18.7	19.31
1338	1	1	-3.0	-3.05	20.18	21.13
1339	1	1	-2.8	-2.83	16.4	17.02
1340	2	1	-2.94	-3.04	18.98	20.91
1341	1	2	-2.91	-2.84	18.32	17.05
1342	2	2	-3.09	-3.08	22.07	21.85
1343	2	1	-3.11	-3.13	22.47	22.82
1344	2	2	-3.06	-3.05	21.38	21.13
1345	1	2	-3.01	-2.99	20.38	19.85
1346	2	2	-3.14	-3.09	23.06	22.01
1347	1	1	-2.75	-2.79	15.65	16.24
1348	2	1	-2.93	-2.94	18.71	19.0
1349	1	1	-3.13	-3.16	22.94	23.61
1350	1	1	-3.07	-3.08	21.59	21.69
1351	2	1	-3.02	-3.15	20.56	23.32
1352	1	1	-2.96	-2.96	19.23	19.36
1353	1	1	-3.08	-3.09	21.86	22.04
1354	2	2	-3.05	-3.05	21.21	21.2
1355	2	1	-2.97	-3.04	19.49	20.99
1356	2	2	-2.99	-2.96	19.79	19.22
1357	2	1	-2.96	-3.04	19.33	20.9
1358	2	1	-3.22	-3.23	25.09	25.35
1359	2	2	-2.96	-2.96	19.39	19.33
1360	1	1	-2.93	-3.0	18.67	20.06
1361	2	2	-3.09	-3.02	22.02	20.41
1362	2	2	-3.01	-2.97	20.27	19.4
1363	1	1	-2.83	-2.86	16.99	17.38
1364	1	1	-2.96	-2.97	19.27	19.54
1365	1	1	-3.1	-3.15	22.26	23.24
1366	2	1	-3.02	-3.05	20.55	21.2
1367	1	2	-3.06	-3.05	21.35	21.02
1368	1	2	-3.03	-2.99	20.66	19.95
1369	1	1	-2.95	-2.97	19.18	19.56
1370	2	1	-2.85	-2.87	17.3	17.63
1371	2	1	-3.16	-3.19	23.58	24.24
1372	1	1	-2.89	-2.96	17.96	19.23
1373	2	2	-3.13	-3.09	22.83	22.01
1374	1	1	-2.96	-3.09	19.33	21.89
1375	2	1	-3.0	-3.08	19.99	21.7
1376	1	2	-3.07	-3.06	21.47	21.26
1377	1	1	-3.04	-3.09	20.86	22.0
1378	2	1	-3.04	-3.05	20.82	21.19
1379	1	1	-2.94	-3.03	18.98	20.77
1380	1	2	-2.91	-2.89	18.27	18.06
1381	1	1	-3.29	-3.34	26.82	28.08
1382	1	1	-2.99	-3.07	19.86	21.45
1383	2	2	-2.98	-2.94	19.74	18.97
1384	1	1	-3.0	-3.02	20.12	20.52
1385	1	1	-3.02	-3.04	20.53	20.84
1386	2	1	-3.17	-3.21	23.76	24.71
1387	2	1	-3.3	-3.31	27.19	27.35
1388	2	1	-3.09	-3.2	21.92	24.63
1389	1	2	-3.14	-3.09	23.07	21.98
1390	2	1	-3.13	-3.15	22.82	23.36
1391	1	2	-3.05	-3.03	21.03	20.62
1392	1	1	-3.07	-3.09	21.61	22.04
1393	1	2	-2.93	-2.93	18.71	18.7
1394	1	1	-2.98	-2.99	19.78	19.89
1395	1	2	-3.22	-3.2	25.03	24.63
1396	1	2	-3.15	-3.04	23.37	20.89
1397	2	1	-2.87	-2.9	17.65	18.11
1398	1	2	-2.96	-2.93	19.21	18.78
1399	1	2	-2.99	-2.95	19.92	19.13
1400	2	2	-2.93	-2.87	18.74	17.65
1401	1	1	-2.97	-3.01	19.47	20.2
1402	1	1	-3.04	-3.1	20.99	22.09
1403	2	1	-2.96	-2.97	19.31	19.45
1404	1	1	-2.87	-2.9	17.64	18.12
1405	2	2	-3.08	-2.99	21.8	19.83
1406	2	2	-3.18	-3.06	24.08	21.32
1407	2	2	-2.94	-2.94	18.96	18.91
1408	1	1	-3.08	-3.09	21.84	21.96
1409	1	1	-3.08	-3.1	21.66	22.11
1410	1	1	-2.99	-3.0	19.87	20.02
1411	2	2	-3.05	-3.04	21.14	20.99
1412	1	1	-2.95	-2.97	19.08	19.5
1413	2	2	-3.01	-3.0	20.25	20.18
1414	2	1	-2.88	-2.94	17.9	18.87
1415	2	2	-3.02	-2.99	20.52	19.94
1416	2	2	-3.04	-3.01	20.88	20.34
1417	2	2	-2.93	-2.91	18.74	18.4
1418	2	2	-2.92	-2.9	18.49	18.2
1419	2	2	-3.03	-3.02	20.64	20.45
1420	2	1	-2.97	-3.01	19.4	20.19
1421	2	2	-3.07	-3.05	21.5	21.2
1422	1	2	-3.13	-3.1	22.89	22.27
1423	2	2	-3.4	-3.34	29.85	28.35
1424	1	1	-2.99	-3.02	19.81	20.44
1425	2	2	-2.93	-2.89	18.8	17.95
1426	2	1	-2.99	-3.07	19.91	21.5
1427	1	2	-3.08	-3.05	21.66	21.17
1428	1	1	-2.97	-3.0	19.49	20.17
1429	1	2	-2.92	-2.81	18.58	16.59
1430	2	1	-3.08	-3.1	21.68	22.19
1431	2	1	-3.0	-3.01	20.17	20.35
1432	1	2	-3.11	-3.09	22.4	21.98
1433	1	1	-2.88	-2.91	17.87	18.42
1434	1	2	-3.03	-2.99	20.63	19.82
1435	1	1	-2.95	-2.96	19.07	19.36
1436	2	2	-3.03	-3.02	20.76	20.53
1437	2	1	-3.19	-3.21	24.22	24.73
1438	1	1	-2.99	-2.99	19.8	19.95
1439	1	1	-3.0	-3.01	20.07	20.3
1440	2	1	-2.98	-2.98	19.69	19.72
1441	2	2	-3.06	-3.05	21.3	21.06
1442	1	2	-3.03	-3.0	20.68	20.04
1443	2	1	-3.21	-3.22	24.7	24.96
1444	1	1	-3.0	-3.05	20.0	21.06
1445	1	1	-3.0	-3.02	20.15	20.51
1446	1	1	-3.01	-3.08	20.19	21.77
1447	2	1	-2.93	-2.95	18.7	19.14
1448	1	1	-2.89	-2.92	17.99	18.51
1449	2	1	-3.03	-3.05	20.61	21.15
1450	2	1	-2.93	-2.95	18.67	19.07
1451	1	1	-3.0	-3.03	20.0	20.63
1452	1	1	-2.99	-2.99	19.82	19.83
1453	2	2	-2.99	-2.95	19.81	19.04
1454	1	1	-3.06	-3.07	21.34	21.45
1455	2	2	-2.93	-2.93	18.82	18.66
1456	2	2	-3.0	-2.95	20.08	19.14
1457	2	1	-2.94	-2.97	18.89	19.45
1458	1	1	-3.0	-3.03	20.0	20.76
1459	2	2	-2.81	-2.79	16.56	16.24
1460	2	2	-2.96	-2.96	19.38	19.23
1461	2	1	-2.89	-2.89	17.94	18.04
1462	2	2	-3.0	-2.98	20.1	19.69
1463	1	2	-3.01	-2.95	20.22	19.11
1464	1	1	-2.93	-2.94	18.66	18.89
1465	2	1	-2.86	-2.93	17.45	18.73
1466	1	1	-3.09	-3.14	21.88	23.09
1467	1	1	-3.07	-3.1	21.53	22.29
1468	1	2	-3.07	-3.0	21.49	20.15
1469	2	2	-3.06	-2.98	21.41	19.59
1470	1	1	-3.18	-3.19	24.11	24.35
1471	1	2	-3.24	-3.09	25.57	22.06
1472	1	2	-2.97	-2.92	19.57	18.46
1473	1	2	-3.0	-2.98	20.06	19.68
1474	2	2	-2.89	-2.88	17.97	17.8
1475	1	2	-3.13	-3.06	22.96	21.37
1476	1	1	-2.95	-3.01	19.18	20.35
1477	1	1	-2.91	-2.94	18.29	18.99
1478	2	2	-3.13	-3.1	22.86	22.19
1479	1	2	-2.9	-2.84	18.23	17.12
1480	1	2	-2.96	-2.96	19.34	19.28
1481	1	1	-3.03	-3.03	20.63	20.75
1482	1	1	-2.99	-3.07	19.95	21.54
1483	1	1	-2.98	-3.04	19.63	20.84
1484	1	1	-3.11	-3.12	22.4	22.68
1485	2	2	-3.04	-3.03	20.87	20.63
1486	2	2	-2.91	-2.91	18.4	18.35
1487	1	2	-3.11	-3.09	22.42	22.02
1488	1	1	-2.83	-2.92	16.91	18.62
1489	1	2	-2.82	-2.8	16.77	16.43
1490	1	1	-3.12	-3.15	22.54	23.27
1491	1	1	-3.1	-3.18	22.23	24.12
1492	2	2	-3.0	-3.0	20.17	20.17
1493	1	1	-2.89	-2.98	17.98	19.64
1494	1	2	-3.11	-3.04	22.4	20.98
1495	2	1	-2.88	-2.9	17.76	18.12
1496	2	1	-2.95	-2.99	19.12	19.92
1497	1	2	-3.03	-2.99	20.73	19.84
1498	1	2	-3.02	-2.96	20.46	19.26
1499	2	2	-3.06	-2.97	21.35	19.57
1500	1	2	-3.07	-3.01	21.54	20.33
1501	2	2	-3.12	-3.05	22.71	21.04
1502	1	1	-2.8	-2.86	16.39	17.52
1503	2	2	-3.17	-3.16	23.84	23.56
1504	1	1	-3.03	-3.11	20.65	22.34
1505	2	2	-3.06	-3.06	21.32	21.23
1506	2	1	-3.04	-3.06	20.9	21.39
1507	2	2	-3.17	-3.12	23.8	22.65
1508	2	1	-3.0	-3.01	20.17	20.2
1509	2	1	-3.01	-3.06	20.32	21.41
1510	2	2	-2.95	-2.88	19.15	17.83
